SMILES_BB,SMILES_0,SMILES_1,SMILES_2,SMILES_3,SMILES_4,SMILES_5,SMILES_6,SMILES_7,SMILES_8,SMILES_9
CC(C)CC([Hg])=O,CC(C)CC(NC(C)C([Hg])=O)=O,CCN(CCC([Hg])=O)C(CC(C)C)=O,CC(C)CC(NC1(COC1)C([Hg])=O)=O,CC(C)CC(N(CCC1)C1C([Hg])=O)=O,CC(C)CC(N(CC1)CCC1C([Hg])=O)=O,CC(C)CC(N(CCN(C)C1)C1C([Hg])=O)=O,CC(C)CC(N(CC([Hg])=O)c1ccc[o]1)=O,CC(C)CC(Nc(cc1)ccc1C([Hg])=O)=O,CC(C)CC(NC(Cc1ccccc1)C([Hg])=O)=O,CC(C)CC(NCc1cccc(CC([Hg])=O)c1)=O
CC/C=C\CC([Hg])=O,CC/C=C\CC(NC(C)C([Hg])=O)=O,CC/C=C\CC(N(CC)CCC([Hg])=O)=O,CC/C=C\CC(NC1(COC1)C([Hg])=O)=O,CC/C=C\CC(N(CCC1)C1C([Hg])=O)=O,CC/C=C\CC(N(CC1)CCC1C([Hg])=O)=O,CC/C=C\CC(N(CCN(C)C1)C1C([Hg])=O)=O,CC/C=C\CC(N(CC([Hg])=O)c1ccc[o]1)=O,CC/C=C\CC(Nc(cc1)ccc1C([Hg])=O)=O,CC/C=C\CC(NC(Cc1ccccc1)C([Hg])=O)=O,CC/C=C\CC(NCc1cccc(CC([Hg])=O)c1)=O
CCC(C)CC([Hg])=O,CCC(C)CC(NC(C)C([Hg])=O)=O,CCC(C)CC(N(CC)CCC([Hg])=O)=O,CCC(C)CC(NC1(COC1)C([Hg])=O)=O,CCC(C)CC(N(CCC1)C1C([Hg])=O)=O,CCC(C)CC(N(CC1)CCC1C([Hg])=O)=O,CCC(C)CC(N(CCN(C)C1)C1C([Hg])=O)=O,CCC(C)CC(N(CC([Hg])=O)c1ccc[o]1)=O,CCC(C)CC(Nc(cc1)ccc1C([Hg])=O)=O,CCC(C)CC(NC(Cc1ccccc1)C([Hg])=O)=O,CCC(C)CC(NCc1cccc(CC([Hg])=O)c1)=O
CC(C)CCC([Hg])=O,CC(C)CCC(NC(C)C([Hg])=O)=O,CCN(CCC([Hg])=O)C(CCC(C)C)=O,CC(C)CCC(NC1(COC1)C([Hg])=O)=O,CC(C)CCC(N(CCC1)C1C([Hg])=O)=O,CC(C)CCC(N(CC1)CCC1C([Hg])=O)=O,CC(C)CCC(N(CCN(C)C1)C1C([Hg])=O)=O,CC(C)CCC(N(CC([Hg])=O)c1ccc[o]1)=O,CC(C)CCC(Nc(cc1)ccc1C([Hg])=O)=O,CC(C)CCC(NC(Cc1ccccc1)C([Hg])=O)=O,CC(C)CCC(NCc1cccc(CC([Hg])=O)c1)=O
O=C(CC1CCCC1)[Hg],CC(C([Hg])=O)NC(CC1CCCC1)=O,CCN(CCC([Hg])=O)C(CC1CCCC1)=O,O=C(CC1CCCC1)NC1(COC1)C([Hg])=O,O=C(CC1CCCC1)N(CCC1)C1C([Hg])=O,O=C(CC1CCCC1)N(CC1)CCC1C([Hg])=O,CN(CC1)CC(C([Hg])=O)N1C(CC1CCCC1)=O,O=C(CC1CCCC1)N(CC([Hg])=O)c1ccc[o]1,O=C(CC1CCCC1)Nc(cc1)ccc1C([Hg])=O,O=C(CC1CCCC1)NC(Cc1ccccc1)C([Hg])=O,O=C(CC1CCCC1)NCc1cccc(CC([Hg])=O)c1
O=C(CCC1CCCC1)[Hg],CC(C([Hg])=O)NC(CCC1CCCC1)=O,CCN(CCC([Hg])=O)C(CCC1CCCC1)=O,O=C(CCC1CCCC1)NC1(COC1)C([Hg])=O,O=C(CCC1CCCC1)N(CCC1)C1C([Hg])=O,O=C(CCC1CCCC1)N(CC1)CCC1C([Hg])=O,CN(CC1)CC(C([Hg])=O)N1C(CCC1CCCC1)=O,O=C(CCC1CCCC1)N(CC([Hg])=O)c1ccc[o]1,O=C(CCC1CCCC1)Nc(cc1)ccc1C([Hg])=O,O=C(CCC1CCCC1)NC(Cc1ccccc1)C([Hg])=O,O=C(CCC1CCCC1)NCc1cccc(CC([Hg])=O)c1
O=C(CC1CCCCC1)[Hg],CC(C([Hg])=O)NC(CC1CCCCC1)=O,CCN(CCC([Hg])=O)C(CC1CCCCC1)=O,O=C(CC1CCCCC1)NC1(COC1)C([Hg])=O,O=C(CC1CCCCC1)N(CCC1)C1C([Hg])=O,O=C(CC1CCCCC1)N(CC1)CCC1C([Hg])=O,CN(CC1)CC(C([Hg])=O)N1C(CC1CCCCC1)=O,O=C(CC1CCCCC1)N(CC([Hg])=O)c1ccc[o]1,O=C(CC1CCCCC1)Nc(cc1)ccc1C([Hg])=O,O=C(CC1CCCCC1)NC(Cc1ccccc1)C([Hg])=O,O=C(CC1CCCCC1)NCc1cccc(CC([Hg])=O)c1
CC(C)(C)CC([Hg])=O,CC(C([Hg])=O)NC(CC(C)(C)C)=O,CCN(CCC([Hg])=O)C(CC(C)(C)C)=O,CC(C)(C)CC(NC1(COC1)C([Hg])=O)=O,CC(C)(C)CC(N(CCC1)C1C([Hg])=O)=O,CC(C)(C)CC(N(CC1)CCC1C([Hg])=O)=O,CC(C)(C)CC(N(CCN(C)C1)C1C([Hg])=O)=O,CC(C)(C)CC(N(CC([Hg])=O)c1ccc[o]1)=O,CC(C)(C)CC(Nc(cc1)ccc1C([Hg])=O)=O,CC(C)(C)CC(NC(Cc1ccccc1)C([Hg])=O)=O,CC(C)(C)CC(NCc1cccc(CC([Hg])=O)c1)=O
CC(CC(C)(C)C)CC([Hg])=O,CC(CC(C)(C)C)CC(NC(C)C([Hg])=O)=O,CCN(CCC([Hg])=O)C(CC(C)CC(C)(C)C)=O,CC(CC(C)(C)C)CC(NC1(COC1)C([Hg])=O)=O,CC(CC(C)(C)C)CC(N(CCC1)C1C([Hg])=O)=O,CC(CC(C)(C)C)CC(N(CC1)CCC1C([Hg])=O)=O,CC(CC(C)(C)C)CC(N(CCN(C)C1)C1C([Hg])=O)=O,CC(CC(C)(C)C)CC(N(CC([Hg])=O)c1ccc[o]1)=O,CC(CC(C)(C)C)CC(Nc(cc1)ccc1C([Hg])=O)=O,CC(CC(C)(C)C)CC(NC(Cc1ccccc1)C([Hg])=O)=O,CC(CC(C)(C)C)CC(NCc1cccc(CC([Hg])=O)c1)=O
O=C(Cc(cccc1)c1OC(F)(F)F)[Hg],CC(C([Hg])=O)NC(Cc(cccc1)c1OC(F)(F)F)=O,CCN(CCC([Hg])=O)C(Cc(cccc1)c1OC(F)(F)F)=O,O=C(Cc(cccc1)c1OC(F)(F)F)NC1(COC1)C([Hg])=O,O=C(Cc(cccc1)c1OC(F)(F)F)N(CCC1)C1C([Hg])=O,O=C(Cc(cccc1)c1OC(F)(F)F)N(CC1)CCC1C([Hg])=O,CN(CC1)CC(C([Hg])=O)N1C(Cc(cccc1)c1OC(F)(F)F)=O,O=C(Cc(cccc1)c1OC(F)(F)F)N(CC([Hg])=O)c1ccc[o]1,O=C(Cc(cccc1)c1OC(F)(F)F)Nc(cc1)ccc1C([Hg])=O,O=C(Cc(cccc1)c1OC(F)(F)F)NC(Cc1ccccc1)C([Hg])=O,O=C(Cc(cccc1)c1OC(F)(F)F)NCc1cccc(CC([Hg])=O)c1
CC(CC([Hg])=O)C=C,CC(CC(NC(C)C([Hg])=O)=O)C=C,CCN(CCC([Hg])=O)C(CC(C)C=C)=O,CC(CC(NC1(COC1)C([Hg])=O)=O)C=C,CC(CC(N(CCC1)C1C([Hg])=O)=O)C=C,CC(CC(N(CC1)CCC1C([Hg])=O)=O)C=C,CC(CC(N(CCN(C)C1)C1C([Hg])=O)=O)C=C,CC(CC(N(CC([Hg])=O)c1ccc[o]1)=O)C=C,CC(CC(Nc(cc1)ccc1C([Hg])=O)=O)C=C,CC(CC(NC(Cc1ccccc1)C([Hg])=O)=O)C=C,CC(CC(NCc1cccc(CC([Hg])=O)c1)=O)C=C
CC(C)([C@H](CC([Hg])=O)C1)[C@@H]1C(C)=O,CC(C([Hg])=O)NC(C[C@H](C1)C(C)(C)[C@@H]1C(C)=O)=O,CCN(CCC([Hg])=O)C(C[C@H](C1)C(C)(C)[C@@H]1C(C)=O)=O,CC(C)([C@H](CC(NC1(COC1)C([Hg])=O)=O)C1)[C@@H]1C(C)=O,CC(C)([C@H](CC(N(CCC1)C1C([Hg])=O)=O)C1)[C@@H]1C(C)=O,CC(C)([C@H](CC(N(CC1)CCC1C([Hg])=O)=O)C1)[C@@H]1C(C)=O,CC(C)([C@H](CC(N(CCN(C)C1)C1C([Hg])=O)=O)C1)[C@@H]1C(C)=O,CC(C)([C@H](CC(N(CC([Hg])=O)c1ccc[o]1)=O)C1)[C@@H]1C(C)=O,CC(C)([C@H](CC(Nc(cc1)ccc1C([Hg])=O)=O)C1)[C@@H]1C(C)=O,CC(C)([C@H](CC(NC(Cc1ccccc1)C([Hg])=O)=O)C1)[C@@H]1C(C)=O,CC(C)([C@H](CC(NCc1cccc(CC([Hg])=O)c1)=O)C1)[C@@H]1C(C)=O
CC(CCC([Hg])=O)=O,CC(C([Hg])=O)NC(CCC(C)=O)=O,CCN(CCC([Hg])=O)C(CCC(C)=O)=O,CC(CCC(NC1(COC1)C([Hg])=O)=O)=O,CC(CCC(N(CCC1)C1C([Hg])=O)=O)=O,CC(CCC(N(CC1)CCC1C([Hg])=O)=O)=O,CC(CCC(N(CCN(C)C1)C1C([Hg])=O)=O)=O,CC(CCC(N(CC([Hg])=O)c1ccc[o]1)=O)=O,CC(CCC(Nc(cc1)ccc1C([Hg])=O)=O)=O,CC(CCC(NC(Cc1ccccc1)C([Hg])=O)=O)=O,CC(CCC(NCc1cccc(CC([Hg])=O)c1)=O)=O
CCCCC([Hg])=O,CCCCC(NC(C)C([Hg])=O)=O,CCCCC(N(CC)CCC([Hg])=O)=O,CCCCC(NC1(COC1)C([Hg])=O)=O,CCCCC(N(CCC1)C1C([Hg])=O)=O,CCCCC(N(CC1)CCC1C([Hg])=O)=O,CCCCC(N(CCN(C)C1)C1C([Hg])=O)=O,CCCCC(N(CC([Hg])=O)c1ccc[o]1)=O,CCCCC(Nc(cc1)ccc1C([Hg])=O)=O,CCCCC(NC(Cc1ccccc1)C([Hg])=O)=O,CCCCC(NCc1cccc(CC([Hg])=O)c1)=O
C=CCCC([Hg])=O,CC(C([Hg])=O)NC(CCC=C)=O,CCN(CCC([Hg])=O)C(CCC=C)=O,C=CCCC(NC1(COC1)C([Hg])=O)=O,C=CCCC(N(CCC1)C1C([Hg])=O)=O,C=CCCC(N(CC1)CCC1C([Hg])=O)=O,CN(CC1)CC(C([Hg])=O)N1C(CCC=C)=O,C=CCCC(N(CC([Hg])=O)c1ccc[o]1)=O,C=CCCC(Nc(cc1)ccc1C([Hg])=O)=O,C=CCCC(NC(Cc1ccccc1)C([Hg])=O)=O,C=CCCC(NCc1cccc(CC([Hg])=O)c1)=O
CCOCCC([Hg])=O,CCOCCC(NC(C)C([Hg])=O)=O,CCN(CCC([Hg])=O)C(CCOCC)=O,CCOCCC(NC1(COC1)C([Hg])=O)=O,CCOCCC(N(CCC1)C1C([Hg])=O)=O,CCOCCC(N(CC1)CCC1C([Hg])=O)=O,CCOCCC(N(CCN(C)C1)C1C([Hg])=O)=O,CCOCCC(N(CC([Hg])=O)c1ccc[o]1)=O,CCOCCC(Nc(cc1)ccc1C([Hg])=O)=O,CCOCCC(NC(Cc1ccccc1)C([Hg])=O)=O,CCOCCC(NCc1cccc(CC([Hg])=O)c1)=O
OCC([Hg])=O,CC(C([Hg])=O)NC(CO)=O,CCN(CCC([Hg])=O)C(CO)=O,OCC(NC1(COC1)C([Hg])=O)=O,OCC(N(CCC1)C1C([Hg])=O)=O,OCC(N(CC1)CCC1C([Hg])=O)=O,CN(CC1)CC(C([Hg])=O)N1C(CO)=O,OCC(N(CC([Hg])=O)c1ccc[o]1)=O,OCC(Nc(cc1)ccc1C([Hg])=O)=O,OCC(NC(Cc1ccccc1)C([Hg])=O)=O,OCC(NCc1cccc(CC([Hg])=O)c1)=O
CC(C)c1ccc(CCC([Hg])=O)cc1,CC(C)c1ccc(CCC(NC(C)C([Hg])=O)=O)cc1,CCN(CCC([Hg])=O)C(CCc1ccc(C(C)C)cc1)=O,CC(C)c1ccc(CCC(NC2(COC2)C([Hg])=O)=O)cc1,CC(C)c1ccc(CCC(N(CCC2)C2C([Hg])=O)=O)cc1,CC(C)c1ccc(CCC(N(CC2)CCC2C([Hg])=O)=O)cc1,CC(C)c1ccc(CCC(N(CCN(C)C2)C2C([Hg])=O)=O)cc1,CC(C)c1ccc(CCC(N(CC([Hg])=O)c2ccc[o]2)=O)cc1,CC(C)c1ccc(CCC(Nc(cc2)ccc2C([Hg])=O)=O)cc1,CC(C)c1ccc(CCC(NC(Cc2ccccc2)C([Hg])=O)=O)cc1,CC(C)c1ccc(CCC(NCc2cccc(CC([Hg])=O)c2)=O)cc1
Cc1cc(C)c(CCC([Hg])=O)cc1,CC(C([Hg])=O)NC(CCc1c(C)cc(C)cc1)=O,CCN(CCC([Hg])=O)C(CCc1c(C)cc(C)cc1)=O,Cc1cc(C)c(CCC(NC2(COC2)C([Hg])=O)=O)cc1,Cc1cc(C)c(CCC(N(CCC2)C2C([Hg])=O)=O)cc1,Cc1cc(C)c(CCC(N(CC2)CCC2C([Hg])=O)=O)cc1,Cc1cc(C)c(CCC(N(CCN(C)C2)C2C([Hg])=O)=O)cc1,Cc1cc(C)c(CCC(N(CC([Hg])=O)c2ccc[o]2)=O)cc1,Cc1cc(C)c(CCC(Nc(cc2)ccc2C([Hg])=O)=O)cc1,Cc1cc(C)c(CCC(NC(Cc2ccccc2)C([Hg])=O)=O)cc1,Cc1cc(C)c(CCC(NCc2cccc(CC([Hg])=O)c2)=O)cc1
O=C(CNC(c1ccccc1)=O)[Hg],CC(C([Hg])=O)NC(CNC(c1ccccc1)=O)=O,CCN(CCC([Hg])=O)C(CNC(c1ccccc1)=O)=O,O=C(CNC(c1ccccc1)=O)NC1(COC1)C([Hg])=O,O=C(CNC(c1ccccc1)=O)N(CCC1)C1C([Hg])=O,O=C(CNC(c1ccccc1)=O)N(CC1)CCC1C([Hg])=O,CN(CC1)CC(C([Hg])=O)N1C(CNC(c1ccccc1)=O)=O,O=C(CNC(c1ccccc1)=O)N(CC([Hg])=O)c1ccc[o]1,O=C(CNC(c1ccccc1)=O)Nc(cc1)ccc1C([Hg])=O,O=C(CNC(c1ccccc1)=O)NC(Cc1ccccc1)C([Hg])=O,O=C(CNC(c1ccccc1)=O)NCc1cccc(CC([Hg])=O)c1
O=C(C[C@H]1[C@H](CC2)C[C@H]2C1)[Hg],CC(C([Hg])=O)NC(C[C@H]1[C@H](CC2)C[C@H]2C1)=O,CCN(CCC([Hg])=O)C(C[C@H]1[C@H](CC2)C[C@H]2C1)=O,O=C(C[C@H]1[C@H](CC2)C[C@H]2C1)NC1(COC1)C([Hg])=O,O=C(C[C@H]1[C@H](CC2)C[C@H]2C1)N(CCC1)C1C([Hg])=O,O=C(C[C@H]1[C@H](CC2)C[C@H]2C1)N(CC1)CCC1C([Hg])=O,CN(CC1)CC(C([Hg])=O)N1C(C[C@H]1[C@H](CC2)C[C@H]2C1)=O,O=C(C[C@H]1[C@H](CC2)C[C@H]2C1)N(CC([Hg])=O)c1ccc[o]1,O=C(C[C@H]1[C@H](CC2)C[C@H]2C1)Nc(cc1)ccc1C([Hg])=O,O=C(C[C@H]1[C@H](CC2)C[C@H]2C1)NC(Cc1ccccc1)C([Hg])=O,O=C(C[C@H]1[C@H](CC2)C[C@H]2C1)NCc1cccc(CC([Hg])=O)c1
Cc1cc(CC([Hg])=O)c(C)cc1,CC(C([Hg])=O)NC(Cc1c(C)ccc(C)c1)=O,CCN(CCC([Hg])=O)C(Cc1c(C)ccc(C)c1)=O,Cc1cc(CC(NC2(COC2)C([Hg])=O)=O)c(C)cc1,Cc1cc(CC(N(CCC2)C2C([Hg])=O)=O)c(C)cc1,Cc1cc(CC(N(CC2)CCC2C([Hg])=O)=O)c(C)cc1,Cc1cc(CC(N(CCN(C)C2)C2C([Hg])=O)=O)c(C)cc1,Cc1cc(CC(N(CC([Hg])=O)c2ccc[o]2)=O)c(C)cc1,Cc1cc(CC(Nc(cc2)ccc2C([Hg])=O)=O)c(C)cc1,Cc1cc(CC(NC(Cc2ccccc2)C([Hg])=O)=O)c(C)cc1,Cc1cc(CC(NCc2cccc(CC([Hg])=O)c2)=O)c(C)cc1
Cc1c(CC([Hg])=O)cccc1,CC(C([Hg])=O)NC(Cc1c(C)cccc1)=O,CCN(CCC([Hg])=O)C(Cc1c(C)cccc1)=O,Cc1c(CC(NC2(COC2)C([Hg])=O)=O)cccc1,Cc1c(CC(N(CCC2)C2C([Hg])=O)=O)cccc1,Cc1c(CC(N(CC2)CCC2C([Hg])=O)=O)cccc1,Cc1c(CC(N(CCN(C)C2)C2C([Hg])=O)=O)cccc1,Cc1c(CC(N(CC([Hg])=O)c2ccc[o]2)=O)cccc1,Cc1c(CC(Nc(cc2)ccc2C([Hg])=O)=O)cccc1,Cc1c(CC(NC(Cc2ccccc2)C([Hg])=O)=O)cccc1,Cc1c(CC(NCc2cccc(CC([Hg])=O)c2)=O)cccc1
Cc1ccc(CC([Hg])=O)cc1,CC(C([Hg])=O)NC(Cc1ccc(C)cc1)=O,CCN(CCC([Hg])=O)C(Cc1ccc(C)cc1)=O,Cc1ccc(CC(NC2(COC2)C([Hg])=O)=O)cc1,Cc1ccc(CC(N(CCC2)C2C([Hg])=O)=O)cc1,Cc1ccc(CC(N(CC2)CCC2C([Hg])=O)=O)cc1,Cc1ccc(CC(N(CCN(C)C2)C2C([Hg])=O)=O)cc1,Cc1ccc(CC(N(CC([Hg])=O)c2ccc[o]2)=O)cc1,Cc1ccc(CC(Nc(cc2)ccc2C([Hg])=O)=O)cc1,Cc1ccc(CC(NC(Cc2ccccc2)C([Hg])=O)=O)cc1,Cc1ccc(CC(NCc2cccc(CC([Hg])=O)c2)=O)cc1
Cc1cccc(CC([Hg])=O)c1,CC(C([Hg])=O)NC(Cc1cc(C)ccc1)=O,CCN(CCC([Hg])=O)C(Cc1cc(C)ccc1)=O,Cc1cccc(CC(NC2(COC2)C([Hg])=O)=O)c1,Cc1cccc(CC(N(CCC2)C2C([Hg])=O)=O)c1,Cc1cccc(CC(N(CC2)CCC2C([Hg])=O)=O)c1,Cc1cccc(CC(N(CCN(C)C2)C2C([Hg])=O)=O)c1,Cc1cccc(CC(N(CC([Hg])=O)c2ccc[o]2)=O)c1,Cc1cccc(CC(Nc(cc2)ccc2C([Hg])=O)=O)c1,Cc1cccc(CC(NC(Cc2ccccc2)C([Hg])=O)=O)c1,Cc1cccc(CC(NCc2cccc(CC([Hg])=O)c2)=O)c1
O=C(CCc1ccccc1)[Hg],CC(C([Hg])=O)NC(CCc1ccccc1)=O,CCN(CCC([Hg])=O)C(CCc1ccccc1)=O,O=C(CCc1ccccc1)NC1(COC1)C([Hg])=O,O=C(CCc1ccccc1)N(CCC1)C1C([Hg])=O,O=C(CCc1ccccc1)N(CC1)CCC1C([Hg])=O,CN(CC1)CC(C([Hg])=O)N1C(CCc1ccccc1)=O,O=C(CCc1ccccc1)N(CC([Hg])=O)c1ccc[o]1,O=C(CCc1ccccc1)Nc(cc1)ccc1C([Hg])=O,O=C(CCc1ccccc1)NC(Cc1ccccc1)C([Hg])=O,O=C(CCc1ccccc1)NCc1cccc(CC([Hg])=O)c1
Cc(cc1)ccc1S(NCC([Hg])=O)(=O)=O,CC(C([Hg])=O)NC(CNS(c1ccc(C)cc1)(=O)=O)=O,CCN(CCC([Hg])=O)C(CNS(c1ccc(C)cc1)(=O)=O)=O,Cc(cc1)ccc1S(NCC(NC1(COC1)C([Hg])=O)=O)(=O)=O,Cc(cc1)ccc1S(NCC(N(CCC1)C1C([Hg])=O)=O)(=O)=O,Cc(cc1)ccc1S(NCC(N(CC1)CCC1C([Hg])=O)=O)(=O)=O,Cc(cc1)ccc1S(NCC(N(CCN(C)C1)C1C([Hg])=O)=O)(=O)=O,Cc(cc1)ccc1S(NCC(N(CC([Hg])=O)c1ccc[o]1)=O)(=O)=O,Cc(cc1)ccc1S(NCC(Nc(cc1)ccc1C([Hg])=O)=O)(=O)=O,Cc(cc1)ccc1S(NCC(NC(Cc1ccccc1)C([Hg])=O)=O)(=O)=O,Cc(cc1)ccc1S(NCC(NCc1cccc(CC([Hg])=O)c1)=O)(=O)=O
O=C(C/C=C/c1ccccc1)[Hg],CC(C([Hg])=O)NC(C/C=C/c1ccccc1)=O,CCN(CCC([Hg])=O)C(C/C=C/c1ccccc1)=O,O=C(C/C=C/c1ccccc1)NC1(COC1)C([Hg])=O,O=C(C/C=C/c1ccccc1)N(CCC1)C1C([Hg])=O,O=C(C/C=C/c1ccccc1)N(CC1)CCC1C([Hg])=O,CN(CC1)CC(C([Hg])=O)N1C(C/C=C/c1ccccc1)=O,O=C(C/C=C/c1ccccc1)N(CC([Hg])=O)c1ccc[o]1,O=C(C/C=C/c1ccccc1)Nc(cc1)ccc1C([Hg])=O,O=C(C/C=C/c1ccccc1)NC(Cc1ccccc1)C([Hg])=O,O=C(C/C=C/c1ccccc1)NCc1cccc(CC([Hg])=O)c1
O=C(CCOc1ccccc1)[Hg],CC(C([Hg])=O)NC(CCOc1ccccc1)=O,CCN(CCC([Hg])=O)C(CCOc1ccccc1)=O,O=C(CCOc1ccccc1)NC1(COC1)C([Hg])=O,O=C(CCOc1ccccc1)N(CCC1)C1C([Hg])=O,O=C(CCOc1ccccc1)N(CC1)CCC1C([Hg])=O,CN(CC1)CC(C([Hg])=O)N1C(CCOc1ccccc1)=O,O=C(CCOc1ccccc1)N(CC([Hg])=O)c1ccc[o]1,O=C(CCOc1ccccc1)Nc(cc1)ccc1C([Hg])=O,O=C(CCOc1ccccc1)NC(Cc1ccccc1)C([Hg])=O,O=C(CCOc1ccccc1)NCc1cccc(CC([Hg])=O)c1
CN(CC([Hg])=O)C(c1ccccc1)=O,CC(C([Hg])=O)NC(CN(C)C(c1ccccc1)=O)=O,CCN(CCC([Hg])=O)C(CN(C)C(c1ccccc1)=O)=O,CN(CC(NC1(COC1)C([Hg])=O)=O)C(c1ccccc1)=O,CN(CC(N(CCC1)C1C([Hg])=O)=O)C(c1ccccc1)=O,CN(CC(N(CC1)CCC1C([Hg])=O)=O)C(c1ccccc1)=O,CN(CC(N(CCN(C)C1)C1C([Hg])=O)=O)C(c1ccccc1)=O,CN(CC(N(CC([Hg])=O)c1ccc[o]1)=O)C(c1ccccc1)=O,CN(CC(Nc(cc1)ccc1C([Hg])=O)=O)C(c1ccccc1)=O,CN(CC(NC(Cc1ccccc1)C([Hg])=O)=O)C(c1ccccc1)=O,CN(CC(NCc1cccc(CC([Hg])=O)c1)=O)C(c1ccccc1)=O
Cc(cc1)ccc1SCC([Hg])=O,CC(C([Hg])=O)NC(CSc1ccc(C)cc1)=O,CCN(CCC([Hg])=O)C(CSc1ccc(C)cc1)=O,Cc(cc1)ccc1SCC(NC1(COC1)C([Hg])=O)=O,Cc(cc1)ccc1SCC(N(CCC1)C1C([Hg])=O)=O,Cc(cc1)ccc1SCC(N(CC1)CCC1C([Hg])=O)=O,Cc(cc1)ccc1SCC(N(CCN(C)C1)C1C([Hg])=O)=O,Cc(cc1)ccc1SCC(N(CC([Hg])=O)c1ccc[o]1)=O,Cc(cc1)ccc1SCC(Nc(cc1)ccc1C([Hg])=O)=O,Cc(cc1)ccc1SCC(NC(Cc1ccccc1)C([Hg])=O)=O,Cc(cc1)ccc1SCC(NCc1cccc(CC([Hg])=O)c1)=O
O[C@H](CC([Hg])=O)c1ccccc1,CC(C([Hg])=O)NC(C[C@H](c1ccccc1)O)=O,CCN(CCC([Hg])=O)C(C[C@H](c1ccccc1)O)=O,O[C@H](CC(NC1(COC1)C([Hg])=O)=O)c1ccccc1,O[C@H](CC(N(CCC1)C1C([Hg])=O)=O)c1ccccc1,O[C@H](CC(N(CC1)CCC1C([Hg])=O)=O)c1ccccc1,CN(CC1)CC(C([Hg])=O)N1C(C[C@H](c1ccccc1)O)=O,O[C@H](CC(N(CC([Hg])=O)c1ccc[o]1)=O)c1ccccc1,O[C@H](CC(Nc(cc1)ccc1C([Hg])=O)=O)c1ccccc1,O[C@H](CC(NC(Cc1ccccc1)C([Hg])=O)=O)c1ccccc1,O[C@H](CC(NCc1cccc(CC([Hg])=O)c1)=O)c1ccccc1
CN(C)c1ccc(CC([Hg])=O)cc1,CC(C([Hg])=O)NC(Cc(cc1)ccc1N(C)C)=O,CCN(CCC([Hg])=O)C(Cc(cc1)ccc1N(C)C)=O,CN(C)c1ccc(CC(NC2(COC2)C([Hg])=O)=O)cc1,CN(C)c1ccc(CC(N(CCC2)C2C([Hg])=O)=O)cc1,CN(C)c1ccc(CC(N(CC2)CCC2C([Hg])=O)=O)cc1,CN(C)c1ccc(CC(N(CCN(C)C2)C2C([Hg])=O)=O)cc1,CN(C)c1ccc(CC(N(CC([Hg])=O)c2ccc[o]2)=O)cc1,CN(C)c1ccc(CC(Nc(cc2)ccc2C([Hg])=O)=O)cc1,CN(C)c1ccc(CC(NC(Cc2ccccc2)C([Hg])=O)=O)cc1,CN(C)c1ccc(CC(NCc2cccc(CC([Hg])=O)c2)=O)cc1
COc1c(CC([Hg])=O)cccc1,CC(C([Hg])=O)NC(Cc(cccc1)c1OC)=O,CCN(CCC([Hg])=O)C(Cc(cccc1)c1OC)=O,COc1c(CC(NC2(COC2)C([Hg])=O)=O)cccc1,COc1c(CC(N(CCC2)C2C([Hg])=O)=O)cccc1,COc1c(CC(N(CC2)CCC2C([Hg])=O)=O)cccc1,CN(CC1)CC(C([Hg])=O)N1C(Cc(cccc1)c1OC)=O,COc1c(CC(N(CC([Hg])=O)c2ccc[o]2)=O)cccc1,COc1c(CC(Nc(cc2)ccc2C([Hg])=O)=O)cccc1,COc1c(CC(NC(Cc2ccccc2)C([Hg])=O)=O)cccc1,COc1c(CC(NCc2cccc(CC([Hg])=O)c2)=O)cccc1
COc(cc1)cc(CCC([Hg])=O)c1OC,CC(C([Hg])=O)NC(CCc(cc(cc1)OC)c1OC)=O,CCN(CCC([Hg])=O)C(CCc(cc(cc1)OC)c1OC)=O,COc(cc1)cc(CCC(NC2(COC2)C([Hg])=O)=O)c1OC,COc(cc1)cc(CCC(N(CCC2)C2C([Hg])=O)=O)c1OC,COc(cc1)cc(CCC(N(CC2)CCC2C([Hg])=O)=O)c1OC,CN(CC1)CC(C([Hg])=O)N1C(CCc(cc(cc1)OC)c1OC)=O,COc(cc1)cc(CCC(N(CC([Hg])=O)c2ccc[o]2)=O)c1OC,COc(cc1)cc(CCC(Nc(cc2)ccc2C([Hg])=O)=O)c1OC,COc(cc1)cc(CCC(NC(Cc2ccccc2)C([Hg])=O)=O)c1OC,COc(cc1)cc(CCC(NCc2cccc(CC([Hg])=O)c2)=O)c1OC
COc1cc(OC)c(CCC([Hg])=O)cc1,CC(C([Hg])=O)NC(CCc(ccc(OC)c1)c1OC)=O,CCN(CCC([Hg])=O)C(CCc(ccc(OC)c1)c1OC)=O,COc1cc(OC)c(CCC(NC2(COC2)C([Hg])=O)=O)cc1,COc1cc(OC)c(CCC(N(CCC2)C2C([Hg])=O)=O)cc1,COc1cc(OC)c(CCC(N(CC2)CCC2C([Hg])=O)=O)cc1,CN(CC1)CC(C([Hg])=O)N1C(CCc(ccc(OC)c1)c1OC)=O,COc1cc(OC)c(CCC(N(CC([Hg])=O)c2ccc[o]2)=O)cc1,COc1cc(OC)c(CCC(Nc(cc2)ccc2C([Hg])=O)=O)cc1,COc1cc(OC)c(CCC(NC(Cc2ccccc2)C([Hg])=O)=O)cc1,COc1cc(OC)c(CCC(NCc2cccc(CC([Hg])=O)c2)=O)cc1
O=C(CCc1ccc[o]1)[Hg],CC(C([Hg])=O)NC(CCc1ccc[o]1)=O,CCN(CCC([Hg])=O)C(CCc1ccc[o]1)=O,O=C(CCc1ccc[o]1)NC1(COC1)C([Hg])=O,O=C(CCc1ccc[o]1)N(CCC1)C1C([Hg])=O,O=C(CCc1ccc[o]1)N(CC1)CCC1C([Hg])=O,CN(CC1)CC(C([Hg])=O)N1C(CCc1ccc[o]1)=O,O=C(CCc1ccc[o]1)N(CC([Hg])=O)c1ccc[o]1,O=C(CCc1ccc[o]1)Nc(cc1)ccc1C([Hg])=O,O=C(CCc1ccc[o]1)NC(Cc1ccccc1)C([Hg])=O,O=C(CCc1ccc[o]1)NCc1cccc(CC([Hg])=O)c1
COc1cccc(CCC([Hg])=O)c1OC,CC(C([Hg])=O)NC(CCc(cccc1OC)c1OC)=O,CCN(CCC([Hg])=O)C(CCc(cccc1OC)c1OC)=O,COc1cccc(CCC(NC2(COC2)C([Hg])=O)=O)c1OC,COc1cccc(CCC(N(CCC2)C2C([Hg])=O)=O)c1OC,COc1cccc(CCC(N(CC2)CCC2C([Hg])=O)=O)c1OC,CN(CC1)CC(C([Hg])=O)N1C(CCc(cccc1OC)c1OC)=O,COc1cccc(CCC(N(CC([Hg])=O)c2ccc[o]2)=O)c1OC,COc1cccc(CCC(Nc(cc2)ccc2C([Hg])=O)=O)c1OC,COc1cccc(CCC(NC(Cc2ccccc2)C([Hg])=O)=O)c1OC,COc1cccc(CCC(NCc2cccc(CC([Hg])=O)c2)=O)c1OC
Cc(cccc1)c1OCC([Hg])=O,CC(C([Hg])=O)NC(COc1c(C)cccc1)=O,CCN(CCC([Hg])=O)C(COc1c(C)cccc1)=O,Cc(cccc1)c1OCC(NC1(COC1)C([Hg])=O)=O,Cc(cccc1)c1OCC(N(CCC1)C1C([Hg])=O)=O,Cc(cccc1)c1OCC(N(CC1)CCC1C([Hg])=O)=O,Cc(cccc1)c1OCC(N(CCN(C)C1)C1C([Hg])=O)=O,Cc(cccc1)c1OCC(N(CC([Hg])=O)c1ccc[o]1)=O,Cc(cccc1)c1OCC(Nc(cc1)ccc1C([Hg])=O)=O,Cc(cccc1)c1OCC(NC(Cc1ccccc1)C([Hg])=O)=O,Cc(cccc1)c1OCC(NCc1cccc(CC([Hg])=O)c1)=O
Cc(cccc1)c1C(NCC([Hg])=O)=O,CC(C([Hg])=O)NC(CNC(c1c(C)cccc1)=O)=O,CCN(CCC([Hg])=O)C(CNC(c1c(C)cccc1)=O)=O,Cc(cccc1)c1C(NCC(NC1(COC1)C([Hg])=O)=O)=O,Cc(cccc1)c1C(NCC(N(CCC1)C1C([Hg])=O)=O)=O,Cc(cccc1)c1C(NCC(N(CC1)CCC1C([Hg])=O)=O)=O,Cc(cccc1)c1C(NCC(N(CCN(C)C1)C1C([Hg])=O)=O)=O,Cc(cccc1)c1C(NCC(N(CC([Hg])=O)c1ccc[o]1)=O)=O,Cc(cccc1)c1C(NCC(Nc(cc1)ccc1C([Hg])=O)=O)=O,Cc(cccc1)c1C(NCC(NC(Cc1ccccc1)C([Hg])=O)=O)=O,Cc(cccc1)c1C(NCC(NCc1cccc(CC([Hg])=O)c1)=O)=O
Cc1cccc(C(NCC([Hg])=O)=O)c1,CC(C([Hg])=O)NC(CNC(c1cc(C)ccc1)=O)=O,CCN(CCC([Hg])=O)C(CNC(c1cc(C)ccc1)=O)=O,Cc1cccc(C(NCC(NC2(COC2)C([Hg])=O)=O)=O)c1,Cc1cccc(C(NCC(N(CCC2)C2C([Hg])=O)=O)=O)c1,Cc1cccc(C(NCC(N(CC2)CCC2C([Hg])=O)=O)=O)c1,Cc1cccc(C(NCC(N(CCN(C)C2)C2C([Hg])=O)=O)=O)c1,Cc1cccc(C(NCC(N(CC([Hg])=O)c2ccc[o]2)=O)=O)c1,Cc1cccc(C(NCC(Nc(cc2)ccc2C([Hg])=O)=O)=O)c1,Cc1cccc(C(NCC(NC(Cc2ccccc2)C([Hg])=O)=O)=O)c1,Cc1cccc(C(NCC(NCc2cccc(CC([Hg])=O)c2)=O)=O)c1
Cc(cc1)ccc1C(NCC([Hg])=O)=O,CC(C([Hg])=O)NC(CNC(c1ccc(C)cc1)=O)=O,CCN(CCC([Hg])=O)C(CNC(c1ccc(C)cc1)=O)=O,Cc(cc1)ccc1C(NCC(NC1(COC1)C([Hg])=O)=O)=O,Cc(cc1)ccc1C(NCC(N(CCC1)C1C([Hg])=O)=O)=O,Cc(cc1)ccc1C(NCC(N(CC1)CCC1C([Hg])=O)=O)=O,Cc(cc1)ccc1C(NCC(N(CCN(C)C1)C1C([Hg])=O)=O)=O,Cc(cc1)ccc1C(NCC(N(CC([Hg])=O)c1ccc[o]1)=O)=O,Cc(cc1)ccc1C(NCC(Nc(cc1)ccc1C([Hg])=O)=O)=O,Cc(cc1)ccc1C(NCC(NC(Cc1ccccc1)C([Hg])=O)=O)=O,Cc(cc1)ccc1C(NCC(NCc1cccc(CC([Hg])=O)c1)=O)=O
CC(c(cc1)ccc1OCC([Hg])=O)=O,CC(C([Hg])=O)NC(COc(cc1)ccc1C(C)=O)=O,CCN(CCC([Hg])=O)C(COc(cc1)ccc1C(C)=O)=O,CC(c(cc1)ccc1OCC(NC1(COC1)C([Hg])=O)=O)=O,CC(c(cc1)ccc1OCC(N(CCC1)C1C([Hg])=O)=O)=O,CC(c(cc1)ccc1OCC(N(CC1)CCC1C([Hg])=O)=O)=O,CC(c(cc1)ccc1OCC(N(CCN(C)C1)C1C([Hg])=O)=O)=O,CC(c(cc1)ccc1OCC(N(CC([Hg])=O)c1ccc[o]1)=O)=O,CC(c(cc1)ccc1OCC(Nc(cc1)ccc1C([Hg])=O)=O)=O,CC(c(cc1)ccc1OCC(NC(Cc1ccccc1)C([Hg])=O)=O)=O,CC(c(cc1)ccc1OCC(NCc1cccc(CC([Hg])=O)c1)=O)=O
CC(CC([Hg])=O)(C(F)(F)F)O,CC(C([Hg])=O)NC(CC(C)(C(F)(F)F)O)=O,CCN(CCC([Hg])=O)C(CC(C)(C(F)(F)F)O)=O,CC(CC(NC1(COC1)C([Hg])=O)=O)(C(F)(F)F)O,CC(CC(N(CCC1)C1C([Hg])=O)=O)(C(F)(F)F)O,CC(CC(N(CC1)CCC1C([Hg])=O)=O)(C(F)(F)F)O,CC(CC(N(CCN(C)C1)C1C([Hg])=O)=O)(C(F)(F)F)O,CC(CC(N(CC([Hg])=O)c1ccc[o]1)=O)(C(F)(F)F)O,CC(CC(Nc(cc1)ccc1C([Hg])=O)=O)(C(F)(F)F)O,CC(CC(NC(Cc1ccccc1)C([Hg])=O)=O)(C(F)(F)F)O,CC(CC(NCc1cccc(CC([Hg])=O)c1)=O)(C(F)(F)F)O
O=C(CCNC(c1ccccc1)=O)[Hg],CC(C([Hg])=O)NC(CCNC(c1ccccc1)=O)=O,CCN(CCC([Hg])=O)C(CCNC(c1ccccc1)=O)=O,O=C(CCNC(c1ccccc1)=O)NC1(COC1)C([Hg])=O,O=C(CCNC(c1ccccc1)=O)N(CCC1)C1C([Hg])=O,O=C(CCNC(c1ccccc1)=O)N(CC1)CCC1C([Hg])=O,CN(CC1)CC(C([Hg])=O)N1C(CCNC(c1ccccc1)=O)=O,O=C(CCNC(c1ccccc1)=O)N(CC([Hg])=O)c1ccc[o]1,O=C(CCNC(c1ccccc1)=O)Nc(cc1)ccc1C([Hg])=O,O=C(CCNC(c1ccccc1)=O)NC(Cc1ccccc1)C([Hg])=O,O=C(CCNC(c1ccccc1)=O)NCc1cccc(CC([Hg])=O)c1
OCc1ccc(CC([Hg])=O)cc1,CC(C([Hg])=O)NC(Cc1ccc(CO)cc1)=O,CCN(CCC([Hg])=O)C(Cc1ccc(CO)cc1)=O,OCc1ccc(CC(NC2(COC2)C([Hg])=O)=O)cc1,OCc1ccc(CC(N(CCC2)C2C([Hg])=O)=O)cc1,OCc1ccc(CC(N(CC2)CCC2C([Hg])=O)=O)cc1,CN(CC1)CC(C([Hg])=O)N1C(Cc1ccc(CO)cc1)=O,OCc1ccc(CC(N(CC([Hg])=O)c2ccc[o]2)=O)cc1,OCc1ccc(CC(Nc(cc2)ccc2C([Hg])=O)=O)cc1,OCc1ccc(CC(NC(Cc2ccccc2)C([Hg])=O)=O)cc1,OCc1ccc(CC(NCc2cccc(CC([Hg])=O)c2)=O)cc1
O=C(Cc(cc1)cc2c1OCO2)[Hg],CC(C([Hg])=O)NC(Cc(cc1)cc2c1OCO2)=O,CCN(CCC([Hg])=O)C(Cc(cc1)cc2c1OCO2)=O,O=C(Cc(cc1)cc2c1OCO2)NC1(COC1)C([Hg])=O,O=C(Cc(cc1)cc2c1OCO2)N(CCC1)C1C([Hg])=O,O=C(Cc(cc1)cc2c1OCO2)N(CC1)CCC1C([Hg])=O,CN(CC1)CC(C([Hg])=O)N1C(Cc(cc1)cc2c1OCO2)=O,O=C(Cc(cc1)cc2c1OCO2)N(CC([Hg])=O)c1ccc[o]1,O=C(Cc(cc1)cc2c1OCO2)Nc(cc1)ccc1C([Hg])=O,O=C(Cc(cc1)cc2c1OCO2)NC(Cc1ccccc1)C([Hg])=O,O=C(Cc(cc1)cc2c1OCO2)NCc1cccc(CC([Hg])=O)c1
COc(cc(CC([Hg])=O)cc1)c1O,CC(C([Hg])=O)NC(Cc(cc1)cc(OC)c1O)=O,CCN(CCC([Hg])=O)C(Cc(cc1)cc(OC)c1O)=O,COc(cc(CC(NC1(COC1)C([Hg])=O)=O)cc1)c1O,COc(cc(CC(N(CCC1)C1C([Hg])=O)=O)cc1)c1O,COc(cc(CC(N(CC1)CCC1C([Hg])=O)=O)cc1)c1O,CN(CC1)CC(C([Hg])=O)N1C(Cc(cc1)cc(OC)c1O)=O,COc(cc(CC(N(CC([Hg])=O)c1ccc[o]1)=O)cc1)c1O,COc(cc(CC(Nc(cc1)ccc1C([Hg])=O)=O)cc1)c1O,COc(cc(CC(NC(Cc1ccccc1)C([Hg])=O)=O)cc1)c1O,COc(cc(CC(NCc1cccc(CC([Hg])=O)c1)=O)cc1)c1O
COc(cc1)cc(CC([Hg])=O)c1OC,CC(C([Hg])=O)NC(Cc(cc(cc1)OC)c1OC)=O,CCN(CCC([Hg])=O)C(Cc(cc(cc1)OC)c1OC)=O,COc(cc1)cc(CC(NC2(COC2)C([Hg])=O)=O)c1OC,COc(cc1)cc(CC(N(CCC2)C2C([Hg])=O)=O)c1OC,COc(cc1)cc(CC(N(CC2)CCC2C([Hg])=O)=O)c1OC,CN(CC1)CC(C([Hg])=O)N1C(Cc(cc(cc1)OC)c1OC)=O,COc(cc1)cc(CC(N(CC([Hg])=O)c2ccc[o]2)=O)c1OC,COc(cc1)cc(CC(Nc(cc2)ccc2C([Hg])=O)=O)c1OC,COc(cc1)cc(CC(NC(Cc2ccccc2)C([Hg])=O)=O)c1OC,COc(cc1)cc(CC(NCc2cccc(CC([Hg])=O)c2)=O)c1OC
COc1cccc(CC([Hg])=O)c1OC,CC(C([Hg])=O)NC(Cc(cccc1OC)c1OC)=O,CCN(CCC([Hg])=O)C(Cc(cccc1OC)c1OC)=O,COc1cccc(CC(NC2(COC2)C([Hg])=O)=O)c1OC,COc1cccc(CC(N(CCC2)C2C([Hg])=O)=O)c1OC,COc1cccc(CC(N(CC2)CCC2C([Hg])=O)=O)c1OC,CN(CC1)CC(C([Hg])=O)N1C(Cc(cccc1OC)c1OC)=O,COc1cccc(CC(N(CC([Hg])=O)c2ccc[o]2)=O)c1OC,COc1cccc(CC(Nc(cc2)ccc2C([Hg])=O)=O)c1OC,COc1cccc(CC(NC(Cc2ccccc2)C([Hg])=O)=O)c1OC,COc1cccc(CC(NCc2cccc(CC([Hg])=O)c2)=O)c1OC
O=C(CCc(cc1)cc2c1OCC2)[Hg],CC(C([Hg])=O)NC(CCc(cc1)cc2c1OCC2)=O,CCN(CCC([Hg])=O)C(CCc(cc1)cc2c1OCC2)=O,O=C(CCc(cc1)cc2c1OCC2)NC1(COC1)C([Hg])=O,O=C(CCc(cc1)cc2c1OCC2)N(CCC1)C1C([Hg])=O,O=C(CCc(cc1)cc2c1OCC2)N(CC1)CCC1C([Hg])=O,CN(CC1)CC(C([Hg])=O)N1C(CCc(cc1)cc2c1OCC2)=O,O=C(CCc(cc1)cc2c1OCC2)N(CC([Hg])=O)c1ccc[o]1,O=C(CCc(cc1)cc2c1OCC2)Nc(cc1)ccc1C([Hg])=O,O=C(CCc(cc1)cc2c1OCC2)NC(Cc1ccccc1)C([Hg])=O,O=C(CCc(cc1)cc2c1OCC2)NCc1cccc(CC([Hg])=O)c1
COc1cccc(CCC([Hg])=O)c1Cl,CC(C([Hg])=O)NC(CCc(cccc1OC)c1Cl)=O,CCN(CCC([Hg])=O)C(CCc(cccc1OC)c1Cl)=O,COc1cccc(CCC(NC2(COC2)C([Hg])=O)=O)c1Cl,COc1cccc(CCC(N(CCC2)C2C([Hg])=O)=O)c1Cl,COc1cccc(CCC(N(CC2)CCC2C([Hg])=O)=O)c1Cl,CN(CC1)CC(C([Hg])=O)N1C(CCc(cccc1OC)c1Cl)=O,COc1cccc(CCC(N(CC([Hg])=O)c2ccc[o]2)=O)c1Cl,COc1cccc(CCC(Nc(cc2)ccc2C([Hg])=O)=O)c1Cl,COc1cccc(CCC(NC(Cc2ccccc2)C([Hg])=O)=O)c1Cl,COc1cccc(CCC(NCc2cccc(CC([Hg])=O)c2)=O)c1Cl
COc(ccc(CCC([Hg])=O)c1)c1Cl,CC(C([Hg])=O)NC(CCc(cc1)cc(Cl)c1OC)=O,CCN(CCC([Hg])=O)C(CCc(cc1)cc(Cl)c1OC)=O,COc(ccc(CCC(NC1(COC1)C([Hg])=O)=O)c1)c1Cl,COc(ccc(CCC(N(CCC1)C1C([Hg])=O)=O)c1)c1Cl,COc(ccc(CCC(N(CC1)CCC1C([Hg])=O)=O)c1)c1Cl,CN(CC1)CC(C([Hg])=O)N1C(CCc(cc1)cc(Cl)c1OC)=O,COc(ccc(CCC(N(CC([Hg])=O)c1ccc[o]1)=O)c1)c1Cl,COc(ccc(CCC(Nc(cc1)ccc1C([Hg])=O)=O)c1)c1Cl,COc(ccc(CCC(NC(Cc1ccccc1)C([Hg])=O)=O)c1)c1Cl,COc(ccc(CCC(NCc1cccc(CC([Hg])=O)c1)=O)c1)c1Cl
COc(cccc1)c1OCC([Hg])=O,CC(C([Hg])=O)NC(COc(cccc1)c1OC)=O,CCN(CCC([Hg])=O)C(COc(cccc1)c1OC)=O,COc(cccc1)c1OCC(NC1(COC1)C([Hg])=O)=O,COc(cccc1)c1OCC(N(CCC1)C1C([Hg])=O)=O,COc(cccc1)c1OCC(N(CC1)CCC1C([Hg])=O)=O,CN(CC1)CC(C([Hg])=O)N1C(COc(cccc1)c1OC)=O,COc(cccc1)c1OCC(N(CC([Hg])=O)c1ccc[o]1)=O,COc(cccc1)c1OCC(Nc(cc1)ccc1C([Hg])=O)=O,COc(cccc1)c1OCC(NC(Cc1ccccc1)C([Hg])=O)=O,COc(cccc1)c1OCC(NCc1cccc(CC([Hg])=O)c1)=O
COc(cc1)cc(C(CCC([Hg])=O)=O)c1OC,CC(C([Hg])=O)NC(CCC(c(cc(cc1)OC)c1OC)=O)=O,CCN(CCC([Hg])=O)C(CCC(c(cc(cc1)OC)c1OC)=O)=O,COc(cc1)cc(C(CCC(NC2(COC2)C([Hg])=O)=O)=O)c1OC,COc(cc1)cc(C(CCC(N(CCC2)C2C([Hg])=O)=O)=O)c1OC,COc(cc1)cc(C(CCC(N(CC2)CCC2C([Hg])=O)=O)=O)c1OC,CN(CC1)CC(C([Hg])=O)N1C(CCC(c(cc(cc1)OC)c1OC)=O)=O,COc(cc1)cc(C(CCC(N(CC([Hg])=O)c2ccc[o]2)=O)=O)c1OC,COc(cc1)cc(C(CCC(Nc(cc2)ccc2C([Hg])=O)=O)=O)c1OC,COc(cc1)cc(C(CCC(NC(Cc2ccccc2)C([Hg])=O)=O)=O)c1OC,COc(cc1)cc(C(CCC(NCc2cccc(CC([Hg])=O)c2)=O)=O)c1OC
O=C(CCCC1CCCCC1)[Hg],CC(C([Hg])=O)NC(CCCC1CCCCC1)=O,CCN(CCC([Hg])=O)C(CCCC1CCCCC1)=O,O=C(CCCC1CCCCC1)NC1(COC1)C([Hg])=O,O=C(CCCC1CCCCC1)N(CCC1)C1C([Hg])=O,O=C(CCCC1CCCCC1)N(CC1)CCC1C([Hg])=O,CN(CC1)CC(C([Hg])=O)N1C(CCCC1CCCCC1)=O,O=C(CCCC1CCCCC1)N(CC([Hg])=O)c1ccc[o]1,O=C(CCCC1CCCCC1)Nc(cc1)ccc1C([Hg])=O,O=C(CCCC1CCCCC1)NC(Cc1ccccc1)C([Hg])=O,O=C(CCCC1CCCCC1)NCc1cccc(CC([Hg])=O)c1
O=C(Cc(cc1)cc(C(F)(F)F)c1F)[Hg],CC(C([Hg])=O)NC(Cc(cc1)cc(C(F)(F)F)c1F)=O,CCN(CCC([Hg])=O)C(Cc(cc1)cc(C(F)(F)F)c1F)=O,O=C(Cc(cc1)cc(C(F)(F)F)c1F)NC1(COC1)C([Hg])=O,O=C(Cc(cc1)cc(C(F)(F)F)c1F)N(CCC1)C1C([Hg])=O,O=C(Cc(cc1)cc(C(F)(F)F)c1F)N(CC1)CCC1C([Hg])=O,CN(CC1)CC(C([Hg])=O)N1C(Cc(cc1)cc(C(F)(F)F)c1F)=O,O=C(Cc(cc1)cc(C(F)(F)F)c1F)N(CC([Hg])=O)c1ccc[o]1,O=C(Cc(cc1)cc(C(F)(F)F)c1F)Nc(cc1)ccc1C([Hg])=O,O=C(Cc(cc1)cc(C(F)(F)F)c1F)NC(Cc1ccccc1)C([Hg])=O,O=C(Cc(cc1)cc(C(F)(F)F)c1F)NCc1cccc(CC([Hg])=O)c1
COc1cc(CCC([Hg])=O)cc(OC)c1OC,CC(C([Hg])=O)NC(CCc(cc1OC)cc(OC)c1OC)=O,CCN(CCC([Hg])=O)C(CCc(cc1OC)cc(OC)c1OC)=O,COc1cc(CCC(NC2(COC2)C([Hg])=O)=O)cc(OC)c1OC,COc1cc(CCC(N(CCC2)C2C([Hg])=O)=O)cc(OC)c1OC,COc1cc(CCC(N(CC2)CCC2C([Hg])=O)=O)cc(OC)c1OC,CN(CC1)CC(C([Hg])=O)N1C(CCc(cc1OC)cc(OC)c1OC)=O,COc1cc(CCC(N(CC([Hg])=O)c2ccc[o]2)=O)cc(OC)c1OC,COc1cc(CCC(Nc(cc2)ccc2C([Hg])=O)=O)cc(OC)c1OC,COc1cc(CCC(NC(Cc2ccccc2)C([Hg])=O)=O)cc(OC)c1OC,COc1cc(CCC(NCc2cccc(CC([Hg])=O)c2)=O)cc(OC)c1OC
O=C(Cc(c(F)ccc1)c1Cl)[Hg],CC(C([Hg])=O)NC(Cc(c(F)ccc1)c1Cl)=O,CCN(CCC([Hg])=O)C(Cc(c(F)ccc1)c1Cl)=O,O=C(Cc(c(F)ccc1)c1Cl)NC1(COC1)C([Hg])=O,O=C(Cc(c(F)ccc1)c1Cl)N(CCC1)C1C([Hg])=O,O=C(Cc(c(F)ccc1)c1Cl)N(CC1)CCC1C([Hg])=O,CN(CC1)CC(C([Hg])=O)N1C(Cc(c(F)ccc1)c1Cl)=O,O=C(Cc(c(F)ccc1)c1Cl)N(CC([Hg])=O)c1ccc[o]1,O=C(Cc(c(F)ccc1)c1Cl)Nc(cc1)ccc1C([Hg])=O,O=C(Cc(c(F)ccc1)c1Cl)NC(Cc1ccccc1)C([Hg])=O,O=C(Cc(c(F)ccc1)c1Cl)NCc1cccc(CC([Hg])=O)c1
O=C(Cc(ccc(F)c1)c1Cl)[Hg],CC(C([Hg])=O)NC(Cc(ccc(F)c1)c1Cl)=O,CCN(CCC([Hg])=O)C(Cc(ccc(F)c1)c1Cl)=O,O=C(Cc(ccc(F)c1)c1Cl)NC1(COC1)C([Hg])=O,O=C(Cc(ccc(F)c1)c1Cl)N(CCC1)C1C([Hg])=O,O=C(Cc(ccc(F)c1)c1Cl)N(CC1)CCC1C([Hg])=O,CN(CC1)CC(C([Hg])=O)N1C(Cc(ccc(F)c1)c1Cl)=O,O=C(Cc(ccc(F)c1)c1Cl)N(CC([Hg])=O)c1ccc[o]1,O=C(Cc(ccc(F)c1)c1Cl)Nc(cc1)ccc1C([Hg])=O,O=C(Cc(ccc(F)c1)c1Cl)NC(Cc1ccccc1)C([Hg])=O,O=C(Cc(ccc(F)c1)c1Cl)NCc1cccc(CC([Hg])=O)c1
O=C(CCc1ccc(C(F)(F)F)cc1)[Hg],CC(C([Hg])=O)NC(CCc1ccc(C(F)(F)F)cc1)=O,CCN(CCC([Hg])=O)C(CCc1ccc(C(F)(F)F)cc1)=O,O=C(CCc1ccc(C(F)(F)F)cc1)NC1(COC1)C([Hg])=O,O=C(CCc1ccc(C(F)(F)F)cc1)N(CCC1)C1C([Hg])=O,O=C(CCc1ccc(C(F)(F)F)cc1)N(CC1)CCC1C([Hg])=O,CN(CC1)CC(C([Hg])=O)N1C(CCc1ccc(C(F)(F)F)cc1)=O,O=C(CCc1ccc(C(F)(F)F)cc1)N(CC([Hg])=O)c1ccc[o]1,O=C(CCc1ccc(C(F)(F)F)cc1)Nc(cc1)ccc1C([Hg])=O,O=C(CCc1ccc(C(F)(F)F)cc1)NC(Cc1ccccc1)C([Hg])=O,O=C(CCc1ccc(C(F)(F)F)cc1)NCc1cccc(CC([Hg])=O)c1
COc1cc(F)c(CC([Hg])=O)cc1,CC(C([Hg])=O)NC(Cc(ccc(OC)c1)c1F)=O,CCN(CCC([Hg])=O)C(Cc(ccc(OC)c1)c1F)=O,COc1cc(F)c(CC(NC2(COC2)C([Hg])=O)=O)cc1,COc1cc(F)c(CC(N(CCC2)C2C([Hg])=O)=O)cc1,COc1cc(F)c(CC(N(CC2)CCC2C([Hg])=O)=O)cc1,CN(CC1)CC(C([Hg])=O)N1C(Cc(ccc(OC)c1)c1F)=O,COc1cc(F)c(CC(N(CC([Hg])=O)c2ccc[o]2)=O)cc1,COc1cc(F)c(CC(Nc(cc2)ccc2C([Hg])=O)=O)cc1,COc1cc(F)c(CC(NC(Cc2ccccc2)C([Hg])=O)=O)cc1,COc1cc(F)c(CC(NCc2cccc(CC([Hg])=O)c2)=O)cc1
COc1nc(CCC([Hg])=O)nc(OC)c1,CC(C([Hg])=O)NC(CCc1nc(OC)cc(OC)n1)=O,CCN(CCC([Hg])=O)C(CCc1nc(OC)cc(OC)n1)=O,COc1nc(CCC(NC2(COC2)C([Hg])=O)=O)nc(OC)c1,COc1nc(CCC(N(CCC2)C2C([Hg])=O)=O)nc(OC)c1,COc1nc(CCC(N(CC2)CCC2C([Hg])=O)=O)nc(OC)c1,CN(CC1)CC(C([Hg])=O)N1C(CCc1nc(OC)cc(OC)n1)=O,COc1nc(CCC(N(CC([Hg])=O)c2ccc[o]2)=O)nc(OC)c1,COc1nc(CCC(Nc(cc2)ccc2C([Hg])=O)=O)nc(OC)c1,COc1nc(CCC(NC(Cc2ccccc2)C([Hg])=O)=O)nc(OC)c1,COc1nc(CCC(NCc2cccc(CC([Hg])=O)c2)=O)nc(OC)c1
O=C(CCc1cnccc1)[Hg],CC(C([Hg])=O)NC(CCc1cnccc1)=O,CCN(CCC([Hg])=O)C(CCc1cnccc1)=O,O=C(CCc1cnccc1)NC1(COC1)C([Hg])=O,O=C(CCc1cnccc1)N(CCC1)C1C([Hg])=O,O=C(CCc1cnccc1)N(CC1)CCC1C([Hg])=O,CN(CC1)CC(C([Hg])=O)N1C(CCc1cnccc1)=O,O=C(CCc1cnccc1)N(CC([Hg])=O)c1ccc[o]1,O=C(CCc1cnccc1)Nc(cc1)ccc1C([Hg])=O,O=C(CCc1cnccc1)NC(Cc1ccccc1)C([Hg])=O,O=C(CCc1cnccc1)NCc1cccc(CC([Hg])=O)c1
C[C@H]([C@H](CCCCCC([Hg])=O)N1)NC1=O,CC(C([Hg])=O)NC(CCCCC[C@@H]([C@@H](C)N1)NC1=O)=O,CCN(CCC([Hg])=O)C(CCCCC[C@@H]([C@@H](C)N1)NC1=O)=O,C[C@H]([C@H](CCCCCC(NC1(COC1)C([Hg])=O)=O)N1)NC1=O,C[C@H]([C@H](CCCCCC(N(CCC1)C1C([Hg])=O)=O)N1)NC1=O,C[C@H]([C@H](CCCCCC(N(CC1)CCC1C([Hg])=O)=O)N1)NC1=O,C[C@H]([C@H](CCCCCC(N(CCN(C)C1)C1C([Hg])=O)=O)N1)NC1=O,C[C@H]([C@H](CCCCCC(N(CC([Hg])=O)c1ccc[o]1)=O)N1)NC1=O,C[C@H]([C@H](CCCCCC(Nc(cc1)ccc1C([Hg])=O)=O)N1)NC1=O,C[C@H]([C@H](CCCCCC(NC(Cc1ccccc1)C([Hg])=O)=O)N1)NC1=O,C[C@H]([C@H](CCCCCC(NCc1cccc(CC([Hg])=O)c1)=O)N1)NC1=O
O=C(CCCc(cc1)ccc1I)[Hg],CC(C([Hg])=O)NC(CCCc(cc1)ccc1I)=O,CCN(CCC([Hg])=O)C(CCCc(cc1)ccc1I)=O,O=C(CCCc(cc1)ccc1I)NC1(COC1)C([Hg])=O,O=C(CCCc(cc1)ccc1I)N(CCC1)C1C([Hg])=O,O=C(CCCc(cc1)ccc1I)N(CC1)CCC1C([Hg])=O,CN(CC1)CC(C([Hg])=O)N1C(CCCc(cc1)ccc1I)=O,O=C(CCCc(cc1)ccc1I)N(CC([Hg])=O)c1ccc[o]1,O=C(CCCc(cc1)ccc1I)Nc(cc1)ccc1C([Hg])=O,O=C(CCCc(cc1)ccc1I)NC(Cc1ccccc1)C([Hg])=O,O=C(CCCc(cc1)ccc1I)NCc1cccc(CC([Hg])=O)c1
O=C(COc1ccccc1)[Hg],CC(C([Hg])=O)NC(COc1ccccc1)=O,CCN(CCC([Hg])=O)C(COc1ccccc1)=O,O=C(COc1ccccc1)NC1(COC1)C([Hg])=O,O=C(COc1ccccc1)N(CCC1)C1C([Hg])=O,O=C(COc1ccccc1)N(CC1)CCC1C([Hg])=O,CN(CC1)CC(C([Hg])=O)N1C(COc1ccccc1)=O,O=C(COc1ccccc1)N(CC([Hg])=O)c1ccc[o]1,O=C(COc1ccccc1)Nc(cc1)ccc1C([Hg])=O,O=C(COc1ccccc1)NC(Cc1ccccc1)C([Hg])=O,O=C(COc1ccccc1)NCc1cccc(CC([Hg])=O)c1
O=C(CC1(C[C@H](C2)C3)C[C@H]3CC2C1)[Hg],CC(C([Hg])=O)NC(CC1(C[C@H](C2)C3)C[C@H]3CC2C1)=O,CCN(CCC([Hg])=O)C(CC1(C[C@H](C2)C3)C[C@H]3CC2C1)=O,O=C(CC1(C[C@H](C2)C3)C[C@H]3CC2C1)NC1(COC1)C([Hg])=O,O=C(CC1(C[C@H](C2)C3)C[C@H]3CC2C1)N(CCC1)C1C([Hg])=O,O=C(CC1(C[C@H](C2)C3)C[C@H]3CC2C1)N(CC1)CCC1C([Hg])=O,CN(CC1)CC(C([Hg])=O)N1C(CC1(C[C@H](C2)C3)C[C@H]3CC2C1)=O,O=C(CC1(C[C@H](C2)C3)C[C@H]3CC2C1)N(CC([Hg])=O)c1ccc[o]1,O=C(CC1(C[C@H](C2)C3)C[C@H]3CC2C1)Nc(cc1)ccc1C([Hg])=O,O=C(CC1(C[C@H](C2)C3)C[C@H]3CC2C1)NC(Cc1ccccc1)C([Hg])=O,O=C(CC1(C[C@H](C2)C3)C[C@H]3CC2C1)NCc1cccc(CC([Hg])=O)c1
O[C@@]1(C[C@H](C2)C3)C[C@]3(CC([Hg])=O)C[C@H]2C1,CC(C([Hg])=O)NC(C[C@](C[C@@H](C1)C2)(C[C@H]1C1)C[C@@]21O)=O,CCN(CCC([Hg])=O)C(C[C@](C[C@@H](C1)C2)(C[C@H]1C1)C[C@@]21O)=O,O[C@@]1(C[C@H](C2)C3)C[C@]3(CC(NC3(COC3)C([Hg])=O)=O)C[C@H]2C1,O[C@@]1(C[C@H](C2)C3)C[C@]3(CC(N(CCC3)C3C([Hg])=O)=O)C[C@H]2C1,O[C@@]1(C[C@H](C2)C3)C[C@]3(CC(N(CC3)CCC3C([Hg])=O)=O)C[C@H]2C1,CN(CC1)CC(C([Hg])=O)N1C(C[C@](C[C@@H](C1)C2)(C[C@H]1C1)C[C@@]21O)=O,O[C@@]1(C[C@H](C2)C3)C[C@]3(CC(N(CC([Hg])=O)c3ccc[o]3)=O)C[C@H]2C1,O[C@@]1(C[C@H](C2)C3)C[C@]3(CC(Nc(cc3)ccc3C([Hg])=O)=O)C[C@H]2C1,O[C@@]1(C[C@H](C2)C3)C[C@]3(CC(NC(Cc3ccccc3)C([Hg])=O)=O)C[C@H]2C1,O[C@@]1(C[C@H](C2)C3)C[C@]3(CC(NCc3cccc(CC([Hg])=O)c3)=O)C[C@H]2C1
O=C(Cc(cc1F)cc(F)c1F)[Hg],CC(C([Hg])=O)NC(Cc(cc1F)cc(F)c1F)=O,CCN(CCC([Hg])=O)C(Cc(cc1F)cc(F)c1F)=O,O=C(Cc(cc1F)cc(F)c1F)NC1(COC1)C([Hg])=O,O=C(Cc(cc1F)cc(F)c1F)N(CCC1)C1C([Hg])=O,O=C(Cc(cc1F)cc(F)c1F)N(CC1)CCC1C([Hg])=O,CN(CC1)CC(C([Hg])=O)N1C(Cc(cc1F)cc(F)c1F)=O,O=C(Cc(cc1F)cc(F)c1F)N(CC([Hg])=O)c1ccc[o]1,O=C(Cc(cc1F)cc(F)c1F)Nc(cc1)ccc1C([Hg])=O,O=C(Cc(cc1F)cc(F)c1F)NC(Cc1ccccc1)C([Hg])=O,O=C(Cc(cc1F)cc(F)c1F)NCc1cccc(CC([Hg])=O)c1
O=C(Cc(c(C(F)(F)F)ccc1)c1F)[Hg],CC(C([Hg])=O)NC(Cc(c(C(F)(F)F)ccc1)c1F)=O,CCN(CCC([Hg])=O)C(Cc(c(C(F)(F)F)ccc1)c1F)=O,O=C(Cc(c(C(F)(F)F)ccc1)c1F)NC1(COC1)C([Hg])=O,O=C(Cc(c(C(F)(F)F)ccc1)c1F)N(CCC1)C1C([Hg])=O,O=C(Cc(c(C(F)(F)F)ccc1)c1F)N(CC1)CCC1C([Hg])=O,CN(CC1)CC(C([Hg])=O)N1C(Cc(c(C(F)(F)F)ccc1)c1F)=O,O=C(Cc(c(C(F)(F)F)ccc1)c1F)N(CC([Hg])=O)c1ccc[o]1,O=C(Cc(c(C(F)(F)F)ccc1)c1F)Nc(cc1)ccc1C([Hg])=O,O=C(Cc(c(C(F)(F)F)ccc1)c1F)NC(Cc1ccccc1)C([Hg])=O,O=C(Cc(c(C(F)(F)F)ccc1)c1F)NCc1cccc(CC([Hg])=O)c1
[O-][N+](c(cc1)ccc1C(NCC([Hg])=O)=O)=O,CC(C([Hg])=O)NC(CNC(c(cc1)ccc1[N+]([O-])=O)=O)=O,CCN(CCC([Hg])=O)C(CNC(c(cc1)ccc1[N+]([O-])=O)=O)=O,[O-][N+](c(cc1)ccc1C(NCC(NC1(COC1)C([Hg])=O)=O)=O)=O,[O-][N+](c(cc1)ccc1C(NCC(N(CCC1)C1C([Hg])=O)=O)=O)=O,[O-][N+](c(cc1)ccc1C(NCC(N(CC1)CCC1C([Hg])=O)=O)=O)=O,CN(CC1)CC(C([Hg])=O)N1C(CNC(c(cc1)ccc1[N+]([O-])=O)=O)=O,[O-][N+](c(cc1)ccc1C(NCC(N(CC([Hg])=O)c1ccc[o]1)=O)=O)=O,[O-][N+](c(cc1)ccc1C(NCC(Nc(cc1)ccc1C([Hg])=O)=O)=O)=O,[O-][N+](c(cc1)ccc1C(NCC(NC(Cc1ccccc1)C([Hg])=O)=O)=O)=O,[O-][N+](c(cc1)ccc1C(NCC(NCc1cccc(CC([Hg])=O)c1)=O)=O)=O
[O-][N+](c(cc1)ccc1C(NCCC([Hg])=O)=O)=O,CC(C([Hg])=O)NC(CCNC(c(cc1)ccc1[N+]([O-])=O)=O)=O,CCN(CCC([Hg])=O)C(CCNC(c(cc1)ccc1[N+]([O-])=O)=O)=O,[O-][N+](c(cc1)ccc1C(NCCC(NC1(COC1)C([Hg])=O)=O)=O)=O,[O-][N+](c(cc1)ccc1C(NCCC(N(CCC1)C1C([Hg])=O)=O)=O)=O,[O-][N+](c(cc1)ccc1C(NCCC(N(CC1)CCC1C([Hg])=O)=O)=O)=O,CN(CC1)CC(C([Hg])=O)N1C(CCNC(c(cc1)ccc1[N+]([O-])=O)=O)=O,[O-][N+](c(cc1)ccc1C(NCCC(N(CC([Hg])=O)c1ccc[o]1)=O)=O)=O,[O-][N+](c(cc1)ccc1C(NCCC(Nc(cc1)ccc1C([Hg])=O)=O)=O)=O,[O-][N+](c(cc1)ccc1C(NCCC(NC(Cc1ccccc1)C([Hg])=O)=O)=O)=O,[O-][N+](c(cc1)ccc1C(NCCC(NCc1cccc(CC([Hg])=O)c1)=O)=O)=O
O=C(CNC(OCc1ccccc1)=O)[Hg],CC(C([Hg])=O)NC(CNC(OCc1ccccc1)=O)=O,CCN(CCC([Hg])=O)C(CNC(OCc1ccccc1)=O)=O,O=C(CNC(OCc1ccccc1)=O)NC1(COC1)C([Hg])=O,O=C(CNC(OCc1ccccc1)=O)N(CCC1)C1C([Hg])=O,O=C(CNC(OCc1ccccc1)=O)N(CC1)CCC1C([Hg])=O,CN(CC1)CC(C([Hg])=O)N1C(CNC(OCc1ccccc1)=O)=O,O=C(CNC(OCc1ccccc1)=O)N(CC([Hg])=O)c1ccc[o]1,O=C(CNC(OCc1ccccc1)=O)Nc(cc1)ccc1C([Hg])=O,O=C(CNC(OCc1ccccc1)=O)NC(Cc1ccccc1)C([Hg])=O,O=C(CNC(OCc1ccccc1)=O)NCc1cccc(CC([Hg])=O)c1
COc1cc(CCC([Hg])=O)cc(OC)c1,CC(C([Hg])=O)NC(CCc1cc(OC)cc(OC)c1)=O,CCN(CCC([Hg])=O)C(CCc1cc(OC)cc(OC)c1)=O,COc1cc(CCC(NC2(COC2)C([Hg])=O)=O)cc(OC)c1,COc1cc(CCC(N(CCC2)C2C([Hg])=O)=O)cc(OC)c1,COc1cc(CCC(N(CC2)CCC2C([Hg])=O)=O)cc(OC)c1,CN(CC1)CC(C([Hg])=O)N1C(CCc1cc(OC)cc(OC)c1)=O,COc1cc(CCC(N(CC([Hg])=O)c2ccc[o]2)=O)cc(OC)c1,COc1cc(CCC(Nc(cc2)ccc2C([Hg])=O)=O)cc(OC)c1,COc1cc(CCC(NC(Cc2ccccc2)C([Hg])=O)=O)cc(OC)c1,COc1cc(CCC(NCc2cccc(CC([Hg])=O)c2)=O)cc(OC)c1
CCOc(cc(CC([Hg])=O)cc1)c1O,CCOc(cc(CC(NC(C)C([Hg])=O)=O)cc1)c1O,CCN(CCC([Hg])=O)C(Cc(cc1)cc(OCC)c1O)=O,CCOc(cc(CC(NC1(COC1)C([Hg])=O)=O)cc1)c1O,CCOc(cc(CC(N(CCC1)C1C([Hg])=O)=O)cc1)c1O,CCOc(cc(CC(N(CC1)CCC1C([Hg])=O)=O)cc1)c1O,CCOc(cc(CC(N(CCN(C)C1)C1C([Hg])=O)=O)cc1)c1O,CCOc(cc(CC(N(CC([Hg])=O)c1ccc[o]1)=O)cc1)c1O,CCOc(cc(CC(Nc(cc1)ccc1C([Hg])=O)=O)cc1)c1O,CCOc(cc(CC(NC(Cc1ccccc1)C([Hg])=O)=O)cc1)c1O,CCOc(cc(CC(NCc1cccc(CC([Hg])=O)c1)=O)cc1)c1O
COc(cc1)cc(C(CC([Hg])=O)C2)c1C2=O,CC(C([Hg])=O)NC(CC(C1)c(cc(cc2)OC)c2C1=O)=O,CCN(CCC([Hg])=O)C(CC(C1)c(cc(cc2)OC)c2C1=O)=O,COc(cc1)cc(C(CC(NC2(COC2)C([Hg])=O)=O)C2)c1C2=O,COc(cc1)cc(C(CC(N(CCC2)C2C([Hg])=O)=O)C2)c1C2=O,COc(cc1)cc(C(CC(N(CC2)CCC2C([Hg])=O)=O)C2)c1C2=O,CN(CC1)CC(C([Hg])=O)N1C(CC(C1)c(cc(cc2)OC)c2C1=O)=O,COc(cc1)cc(C(CC(N(CC([Hg])=O)c2ccc[o]2)=O)C2)c1C2=O,COc(cc1)cc(C(CC(Nc(cc2)ccc2C([Hg])=O)=O)C2)c1C2=O,COc(cc1)cc(C(CC(NC(Cc2ccccc2)C([Hg])=O)=O)C2)c1C2=O,COc(cc1)cc(C(CC(NCc2cccc(CC([Hg])=O)c2)=O)C2)c1C2=O
O=C(CCC1c(cccc2)c2NC1)[Hg],CC(C([Hg])=O)NC(CCC1c(cccc2)c2NC1)=O,CCN(CCC([Hg])=O)C(CCC1c(cccc2)c2NC1)=O,O=C(CCC1c(cccc2)c2NC1)NC1(COC1)C([Hg])=O,O=C(CCC1c(cccc2)c2NC1)N(CCC1)C1C([Hg])=O,O=C(CCC1c(cccc2)c2NC1)N(CC1)CCC1C([Hg])=O,CN(CC1)CC(C([Hg])=O)N1C(CCC1c(cccc2)c2NC1)=O,O=C(CCC1c(cccc2)c2NC1)N(CC([Hg])=O)c1ccc[o]1,O=C(CCC1c(cccc2)c2NC1)Nc(cc1)ccc1C([Hg])=O,O=C(CCC1c(cccc2)c2NC1)NC(Cc1ccccc1)C([Hg])=O,O=C(CCC1c(cccc2)c2NC1)NCc1cccc(CC([Hg])=O)c1
O=C(Cc1c[s]c(cc2)c1cc2Cl)[Hg],CC(C([Hg])=O)NC(Cc1c[s]c(cc2)c1cc2Cl)=O,CCN(CCC([Hg])=O)C(Cc1c[s]c(cc2)c1cc2Cl)=O,O=C(Cc1c[s]c(cc2)c1cc2Cl)NC1(COC1)C([Hg])=O,O=C(Cc1c[s]c(cc2)c1cc2Cl)N(CCC1)C1C([Hg])=O,O=C(Cc1c[s]c(cc2)c1cc2Cl)N(CC1)CCC1C([Hg])=O,CN(CC1)CC(C([Hg])=O)N1C(Cc1c[s]c(cc2)c1cc2Cl)=O,O=C(Cc1c[s]c(cc2)c1cc2Cl)N(CC([Hg])=O)c1ccc[o]1,O=C(Cc1c[s]c(cc2)c1cc2Cl)Nc(cc1)ccc1C([Hg])=O,O=C(Cc1c[s]c(cc2)c1cc2Cl)NC(Cc1ccccc1)C([Hg])=O,O=C(Cc1c[s]c(cc2)c1cc2Cl)NCc1cccc(CC([Hg])=O)c1
COc(cc1)c(CC([Hg])=O)cc1Br,CC(C([Hg])=O)NC(Cc(cc(cc1)Br)c1OC)=O,CCN(CCC([Hg])=O)C(Cc(cc(cc1)Br)c1OC)=O,COc(cc1)c(CC(NC2(COC2)C([Hg])=O)=O)cc1Br,COc(cc1)c(CC(N(CCC2)C2C([Hg])=O)=O)cc1Br,COc(cc1)c(CC(N(CC2)CCC2C([Hg])=O)=O)cc1Br,CN(CC1)CC(C([Hg])=O)N1C(Cc(cc(cc1)Br)c1OC)=O,COc(cc1)c(CC(N(CC([Hg])=O)c2ccc[o]2)=O)cc1Br,COc(cc1)c(CC(Nc(cc2)ccc2C([Hg])=O)=O)cc1Br,COc(cc1)c(CC(NC(Cc2ccccc2)C([Hg])=O)=O)cc1Br,COc(cc1)c(CC(NCc2cccc(CC([Hg])=O)c2)=O)cc1Br
O=C(Cc(cc1)cc(F)c1F)[Hg],CC(C([Hg])=O)NC(Cc(cc1)cc(F)c1F)=O,CCN(CCC([Hg])=O)C(Cc(cc1)cc(F)c1F)=O,O=C(Cc(cc1)cc(F)c1F)NC1(COC1)C([Hg])=O,O=C(Cc(cc1)cc(F)c1F)N(CCC1)C1C([Hg])=O,O=C(Cc(cc1)cc(F)c1F)N(CC1)CCC1C([Hg])=O,CN(CC1)CC(C([Hg])=O)N1C(Cc(cc1)cc(F)c1F)=O,O=C(Cc(cc1)cc(F)c1F)N(CC([Hg])=O)c1ccc[o]1,O=C(Cc(cc1)cc(F)c1F)Nc(cc1)ccc1C([Hg])=O,O=C(Cc(cc1)cc(F)c1F)NC(Cc1ccccc1)C([Hg])=O,O=C(Cc(cc1)cc(F)c1F)NCc1cccc(CC([Hg])=O)c1
O=C(Cc(cc1)cc(Cl)c1Cl)[Hg],CC(C([Hg])=O)NC(Cc(cc1)cc(Cl)c1Cl)=O,CCN(CCC([Hg])=O)C(Cc(cc1)cc(Cl)c1Cl)=O,O=C(Cc(cc1)cc(Cl)c1Cl)NC1(COC1)C([Hg])=O,O=C(Cc(cc1)cc(Cl)c1Cl)N(CCC1)C1C([Hg])=O,O=C(Cc(cc1)cc(Cl)c1Cl)N(CC1)CCC1C([Hg])=O,CN(CC1)CC(C([Hg])=O)N1C(Cc(cc1)cc(Cl)c1Cl)=O,O=C(Cc(cc1)cc(Cl)c1Cl)N(CC([Hg])=O)c1ccc[o]1,O=C(Cc(cc1)cc(Cl)c1Cl)Nc(cc1)ccc1C([Hg])=O,O=C(Cc(cc1)cc(Cl)c1Cl)NC(Cc1ccccc1)C([Hg])=O,O=C(Cc(cc1)cc(Cl)c1Cl)NCc1cccc(CC([Hg])=O)c1
O=C(CCN(c(cccc1)c1O1)C1=O)[Hg],CC(C([Hg])=O)NC(CCN(c(cccc1)c1O1)C1=O)=O,CCN(CCC([Hg])=O)C(CCN(c(cccc1)c1O1)C1=O)=O,O=C(CCN(c(cccc1)c1O1)C1=O)NC1(COC1)C([Hg])=O,O=C(CCN(c(cccc1)c1O1)C1=O)N(CCC1)C1C([Hg])=O,O=C(CCN(c(cccc1)c1O1)C1=O)N(CC1)CCC1C([Hg])=O,CN(CC1)CC(C([Hg])=O)N1C(CCN(c(cccc1)c1O1)C1=O)=O,O=C(CCN(c(cccc1)c1O1)C1=O)N(CC([Hg])=O)c1ccc[o]1,O=C(CCN(c(cccc1)c1O1)C1=O)Nc(cc1)ccc1C([Hg])=O,O=C(CCN(c(cccc1)c1O1)C1=O)NC(Cc1ccccc1)C([Hg])=O,O=C(CCN(c(cccc1)c1O1)C1=O)NCc1cccc(CC([Hg])=O)c1
CC1=C(CC([Hg])=O)c(cc(cc2)F)c2/C\1=C\c(cc1)ccc1S(C)=O,CC(C([Hg])=O)NC(CC(c1c2ccc(F)c1)=C(C)/C\2=C/c(cc1)ccc1S(C)=O)=O,CCN(CCC([Hg])=O)C(CC(c1c2ccc(F)c1)=C(C)/C\2=C/c(cc1)ccc1S(C)=O)=O,CC1=C(CC(NC2(COC2)C([Hg])=O)=O)c(cc(cc2)F)c2/C\1=C\c(cc1)ccc1S(C)=O,CC1=C(CC(N(CCC2)C2C([Hg])=O)=O)c(cc(cc2)F)c2/C\1=C\c(cc1)ccc1S(C)=O,CC1=C(CC(N(CC2)CCC2C([Hg])=O)=O)c(cc(cc2)F)c2/C\1=C\c(cc1)ccc1S(C)=O,CC1=C(CC(N(CCN(C)C2)C2C([Hg])=O)=O)c(cc(cc2)F)c2/C\1=C\c(cc1)ccc1S(C)=O,CC1=C(CC(N(CC([Hg])=O)c2ccc[o]2)=O)c(cc(cc2)F)c2/C\1=C\c(cc1)ccc1S(C)=O,CC1=C(CC(Nc(cc2)ccc2C([Hg])=O)=O)c(cc(cc2)F)c2/C\1=C\c(cc1)ccc1S(C)=O,CC1=C(CC(NC(Cc2ccccc2)C([Hg])=O)=O)c(cc(cc2)F)c2/C\1=C\c(cc1)ccc1S(C)=O,CC1=C(CC(NCc2cccc(CC([Hg])=O)c2)=O)c(cc(cc2)F)c2/C\1=C\c(cc1)ccc1S(C)=O
O=C(Cc(cc1)ccc1Oc1ccccc1)[Hg],CC(C([Hg])=O)NC(Cc(cc1)ccc1Oc1ccccc1)=O,CCN(CCC([Hg])=O)C(Cc(cc1)ccc1Oc1ccccc1)=O,O=C(Cc(cc1)ccc1Oc1ccccc1)NC1(COC1)C([Hg])=O,O=C(Cc(cc1)ccc1Oc1ccccc1)N(CCC1)C1C([Hg])=O,O=C(Cc(cc1)ccc1Oc1ccccc1)N(CC1)CCC1C([Hg])=O,CN(CC1)CC(C([Hg])=O)N1C(Cc(cc1)ccc1Oc1ccccc1)=O,O=C(Cc(cc1)ccc1Oc1ccccc1)N(CC([Hg])=O)c1ccc[o]1,O=C(Cc(cc1)ccc1Oc1ccccc1)Nc(cc1)ccc1C([Hg])=O,O=C(Cc(cc1)ccc1Oc1ccccc1)NC(Cc1ccccc1)C([Hg])=O,O=C(Cc(cc1)ccc1Oc1ccccc1)NCc1cccc(CC([Hg])=O)c1
O=C(Cc(cc1)cnc1Cl)[Hg],CC(C([Hg])=O)NC(Cc(cc1)cnc1Cl)=O,CCN(CCC([Hg])=O)C(Cc(cc1)cnc1Cl)=O,O=C(Cc(cc1)cnc1Cl)NC1(COC1)C([Hg])=O,O=C(Cc(cc1)cnc1Cl)N(CCC1)C1C([Hg])=O,O=C(Cc(cc1)cnc1Cl)N(CC1)CCC1C([Hg])=O,CN(CC1)CC(C([Hg])=O)N1C(Cc(cc1)cnc1Cl)=O,O=C(Cc(cc1)cnc1Cl)N(CC([Hg])=O)c1ccc[o]1,O=C(Cc(cc1)cnc1Cl)Nc(cc1)ccc1C([Hg])=O,O=C(Cc(cc1)cnc1Cl)NC(Cc1ccccc1)C([Hg])=O,O=C(Cc(cc1)cnc1Cl)NCc1cccc(CC([Hg])=O)c1
O=C(Cc(cccc1)c1Cl)[Hg],CC(C([Hg])=O)NC(Cc(cccc1)c1Cl)=O,CCN(CCC([Hg])=O)C(Cc(cccc1)c1Cl)=O,O=C(Cc(cccc1)c1Cl)NC1(COC1)C([Hg])=O,O=C(Cc(cccc1)c1Cl)N(CCC1)C1C([Hg])=O,O=C(Cc(cccc1)c1Cl)N(CC1)CCC1C([Hg])=O,CN(CC1)CC(C([Hg])=O)N1C(Cc(cccc1)c1Cl)=O,O=C(Cc(cccc1)c1Cl)N(CC([Hg])=O)c1ccc[o]1,O=C(Cc(cccc1)c1Cl)Nc(cc1)ccc1C([Hg])=O,O=C(Cc(cccc1)c1Cl)NC(Cc1ccccc1)C([Hg])=O,O=C(Cc(cccc1)c1Cl)NCc1cccc(CC([Hg])=O)c1
O=C(Cc1cc(C(F)(F)F)ccc1)[Hg],CC(C([Hg])=O)NC(Cc1cc(C(F)(F)F)ccc1)=O,CCN(CCC([Hg])=O)C(Cc1cc(C(F)(F)F)ccc1)=O,O=C(Cc1cc(C(F)(F)F)ccc1)NC1(COC1)C([Hg])=O,O=C(Cc1cc(C(F)(F)F)ccc1)N(CCC1)C1C([Hg])=O,O=C(Cc1cc(C(F)(F)F)ccc1)N(CC1)CCC1C([Hg])=O,CN(CC1)CC(C([Hg])=O)N1C(Cc1cc(C(F)(F)F)ccc1)=O,O=C(Cc1cc(C(F)(F)F)ccc1)N(CC([Hg])=O)c1ccc[o]1,O=C(Cc1cc(C(F)(F)F)ccc1)Nc(cc1)ccc1C([Hg])=O,O=C(Cc1cc(C(F)(F)F)ccc1)NC(Cc1ccccc1)C([Hg])=O,O=C(Cc1cc(C(F)(F)F)ccc1)NCc1cccc(CC([Hg])=O)c1
O=C(Cc1ccc(C(F)(F)F)cc1)[Hg],CC(C([Hg])=O)NC(Cc1ccc(C(F)(F)F)cc1)=O,CCN(CCC([Hg])=O)C(Cc1ccc(C(F)(F)F)cc1)=O,O=C(Cc1ccc(C(F)(F)F)cc1)NC1(COC1)C([Hg])=O,O=C(Cc1ccc(C(F)(F)F)cc1)N(CCC1)C1C([Hg])=O,O=C(Cc1ccc(C(F)(F)F)cc1)N(CC1)CCC1C([Hg])=O,CN(CC1)CC(C([Hg])=O)N1C(Cc1ccc(C(F)(F)F)cc1)=O,O=C(Cc1ccc(C(F)(F)F)cc1)N(CC([Hg])=O)c1ccc[o]1,O=C(Cc1ccc(C(F)(F)F)cc1)Nc(cc1)ccc1C([Hg])=O,O=C(Cc1ccc(C(F)(F)F)cc1)NC(Cc1ccccc1)C([Hg])=O,O=C(Cc1ccc(C(F)(F)F)cc1)NCc1cccc(CC([Hg])=O)c1
O=C(Cc1cc(F)ccc1)[Hg],CC(C([Hg])=O)NC(Cc1cc(F)ccc1)=O,CCN(CCC([Hg])=O)C(Cc1cc(F)ccc1)=O,O=C(Cc1cc(F)ccc1)NC1(COC1)C([Hg])=O,O=C(Cc1cc(F)ccc1)N(CCC1)C1C([Hg])=O,O=C(Cc1cc(F)ccc1)N(CC1)CCC1C([Hg])=O,CN(CC1)CC(C([Hg])=O)N1C(Cc1cc(F)ccc1)=O,O=C(Cc1cc(F)ccc1)N(CC([Hg])=O)c1ccc[o]1,O=C(Cc1cc(F)ccc1)Nc(cc1)ccc1C([Hg])=O,O=C(Cc1cc(F)ccc1)NC(Cc1ccccc1)C([Hg])=O,O=C(Cc1cc(F)ccc1)NCc1cccc(CC([Hg])=O)c1
O=C(Cc1cc(F)cc(F)c1)[Hg],CC(C([Hg])=O)NC(Cc1cc(F)cc(F)c1)=O,CCN(CCC([Hg])=O)C(Cc1cc(F)cc(F)c1)=O,O=C(Cc1cc(F)cc(F)c1)NC1(COC1)C([Hg])=O,O=C(Cc1cc(F)cc(F)c1)N(CCC1)C1C([Hg])=O,O=C(Cc1cc(F)cc(F)c1)N(CC1)CCC1C([Hg])=O,CN(CC1)CC(C([Hg])=O)N1C(Cc1cc(F)cc(F)c1)=O,O=C(Cc1cc(F)cc(F)c1)N(CC([Hg])=O)c1ccc[o]1,O=C(Cc1cc(F)cc(F)c1)Nc(cc1)ccc1C([Hg])=O,O=C(Cc1cc(F)cc(F)c1)NC(Cc1ccccc1)C([Hg])=O,O=C(Cc1cc(F)cc(F)c1)NCc1cccc(CC([Hg])=O)c1
O=C(Cc(ccc(F)c1)c1F)[Hg],CC(C([Hg])=O)NC(Cc(ccc(F)c1)c1F)=O,CCN(CCC([Hg])=O)C(Cc(ccc(F)c1)c1F)=O,O=C(Cc(ccc(F)c1)c1F)NC1(COC1)C([Hg])=O,O=C(Cc(ccc(F)c1)c1F)N(CCC1)C1C([Hg])=O,O=C(Cc(ccc(F)c1)c1F)N(CC1)CCC1C([Hg])=O,CN(CC1)CC(C([Hg])=O)N1C(Cc(ccc(F)c1)c1F)=O,O=C(Cc(ccc(F)c1)c1F)N(CC([Hg])=O)c1ccc[o]1,O=C(Cc(ccc(F)c1)c1F)Nc(cc1)ccc1C([Hg])=O,O=C(Cc(ccc(F)c1)c1F)NC(Cc1ccccc1)C([Hg])=O,O=C(Cc(ccc(F)c1)c1F)NCc1cccc(CC([Hg])=O)c1
O=C(COc(ccc(Cl)c1)c1Cl)[Hg],CC(C([Hg])=O)NC(COc(ccc(Cl)c1)c1Cl)=O,CCN(CCC([Hg])=O)C(COc(ccc(Cl)c1)c1Cl)=O,O=C(COc(ccc(Cl)c1)c1Cl)NC1(COC1)C([Hg])=O,O=C(COc(ccc(Cl)c1)c1Cl)N(CCC1)C1C([Hg])=O,O=C(COc(ccc(Cl)c1)c1Cl)N(CC1)CCC1C([Hg])=O,CN(CC1)CC(C([Hg])=O)N1C(COc(ccc(Cl)c1)c1Cl)=O,O=C(COc(ccc(Cl)c1)c1Cl)N(CC([Hg])=O)c1ccc[o]1,O=C(COc(ccc(Cl)c1)c1Cl)Nc(cc1)ccc1C([Hg])=O,O=C(COc(ccc(Cl)c1)c1Cl)NC(Cc1ccccc1)C([Hg])=O,O=C(COc(ccc(Cl)c1)c1Cl)NCc1cccc(CC([Hg])=O)c1
O=C(Cc1cc(OC(F)(F)F)ccc1)[Hg],CC(C([Hg])=O)NC(Cc1cc(OC(F)(F)F)ccc1)=O,CCN(CCC([Hg])=O)C(Cc1cc(OC(F)(F)F)ccc1)=O,O=C(Cc1cc(OC(F)(F)F)ccc1)NC1(COC1)C([Hg])=O,O=C(Cc1cc(OC(F)(F)F)ccc1)N(CCC1)C1C([Hg])=O,O=C(Cc1cc(OC(F)(F)F)ccc1)N(CC1)CCC1C([Hg])=O,CN(CC1)CC(C([Hg])=O)N1C(Cc1cc(OC(F)(F)F)ccc1)=O,O=C(Cc1cc(OC(F)(F)F)ccc1)N(CC([Hg])=O)c1ccc[o]1,O=C(Cc1cc(OC(F)(F)F)ccc1)Nc(cc1)ccc1C([Hg])=O,O=C(Cc1cc(OC(F)(F)F)ccc1)NC(Cc1ccccc1)C([Hg])=O,O=C(Cc1cc(OC(F)(F)F)ccc1)NCc1cccc(CC([Hg])=O)c1
COc(c(OC)c1)cc(CC([Hg])=O)c1Br,CC(C([Hg])=O)NC(Cc(cc(c(OC)c1)OC)c1Br)=O,CCN(CCC([Hg])=O)C(Cc(cc(c(OC)c1)OC)c1Br)=O,COc(c(OC)c1)cc(CC(NC2(COC2)C([Hg])=O)=O)c1Br,COc(c(OC)c1)cc(CC(N(CCC2)C2C([Hg])=O)=O)c1Br,COc(c(OC)c1)cc(CC(N(CC2)CCC2C([Hg])=O)=O)c1Br,CN(CC1)CC(C([Hg])=O)N1C(Cc(cc(c(OC)c1)OC)c1Br)=O,COc(c(OC)c1)cc(CC(N(CC([Hg])=O)c2ccc[o]2)=O)c1Br,COc(c(OC)c1)cc(CC(Nc(cc2)ccc2C([Hg])=O)=O)c1Br,COc(c(OC)c1)cc(CC(NC(Cc2ccccc2)C([Hg])=O)=O)c1Br,COc(c(OC)c1)cc(CC(NCc2cccc(CC([Hg])=O)c2)=O)c1Br
Cc1c(CC([Hg])=O)c(cc(cc2)OC)c2[nH]1,CC(C([Hg])=O)NC(Cc1c(C)[nH]c(cc2)c1cc2OC)=O,CCN(CCC([Hg])=O)C(Cc1c(C)[nH]c(cc2)c1cc2OC)=O,Cc1c(CC(NC2(COC2)C([Hg])=O)=O)c(cc(cc2)OC)c2[nH]1,Cc1c(CC(N(CCC2)C2C([Hg])=O)=O)c(cc(cc2)OC)c2[nH]1,Cc1c(CC(N(CC2)CCC2C([Hg])=O)=O)c(cc(cc2)OC)c2[nH]1,Cc1c(CC(N(CCN(C)C2)C2C([Hg])=O)=O)c(cc(cc2)OC)c2[nH]1,Cc1c(CC(N(CC([Hg])=O)c2ccc[o]2)=O)c(cc(cc2)OC)c2[nH]1,Cc1c(CC(Nc(cc2)ccc2C([Hg])=O)=O)c(cc(cc2)OC)c2[nH]1,Cc1c(CC(NC(Cc2ccccc2)C([Hg])=O)=O)c(cc(cc2)OC)c2[nH]1,Cc1c(CC(NCc2cccc(CC([Hg])=O)c2)=O)c(cc(cc2)OC)c2[nH]1
CC(CCC([Hg])=O)(c(cc1)ccc1O)c(cc1)ccc1O,CC(C([Hg])=O)NC(CCC(C)(c(cc1)ccc1O)c(cc1)ccc1O)=O,CCN(CCC([Hg])=O)C(CCC(C)(c(cc1)ccc1O)c(cc1)ccc1O)=O,CC(CCC(NC1(COC1)C([Hg])=O)=O)(c(cc1)ccc1O)c(cc1)ccc1O,CC(CCC(N(CCC1)C1C([Hg])=O)=O)(c(cc1)ccc1O)c(cc1)ccc1O,CC(CCC(N(CC1)CCC1C([Hg])=O)=O)(c(cc1)ccc1O)c(cc1)ccc1O,CC(CCC(N(CCN(C)C1)C1C([Hg])=O)=O)(c(cc1)ccc1O)c(cc1)ccc1O,CC(CCC(N(CC([Hg])=O)c1ccc[o]1)=O)(c(cc1)ccc1O)c(cc1)ccc1O,CC(CCC(Nc(cc1)ccc1C([Hg])=O)=O)(c(cc1)ccc1O)c(cc1)ccc1O,CC(CCC(NC(Cc1ccccc1)C([Hg])=O)=O)(c(cc1)ccc1O)c(cc1)ccc1O,CC(CCC(NCc1cccc(CC([Hg])=O)c1)=O)(c(cc1)ccc1O)c(cc1)ccc1O
O=C(Cc(cc(cc1)Br)c1F)[Hg],CC(C([Hg])=O)NC(Cc(cc(cc1)Br)c1F)=O,CCN(CCC([Hg])=O)C(Cc(cc(cc1)Br)c1F)=O,O=C(Cc(cc(cc1)Br)c1F)NC1(COC1)C([Hg])=O,O=C(Cc(cc(cc1)Br)c1F)N(CCC1)C1C([Hg])=O,O=C(Cc(cc(cc1)Br)c1F)N(CC1)CCC1C([Hg])=O,CN(CC1)CC(C([Hg])=O)N1C(Cc(cc(cc1)Br)c1F)=O,O=C(Cc(cc(cc1)Br)c1F)N(CC([Hg])=O)c1ccc[o]1,O=C(Cc(cc(cc1)Br)c1F)Nc(cc1)ccc1C([Hg])=O,O=C(Cc(cc(cc1)Br)c1F)NC(Cc1ccccc1)C([Hg])=O,O=C(Cc(cc(cc1)Br)c1F)NCc1cccc(CC([Hg])=O)c1
[O-][N+](c(cc1)cc(CC([Hg])=O)c1F)=O,CC(C([Hg])=O)NC(Cc(cc(cc1)[N+]([O-])=O)c1F)=O,CCN(CCC([Hg])=O)C(Cc(cc(cc1)[N+]([O-])=O)c1F)=O,[O-][N+](c(cc1)cc(CC(NC2(COC2)C([Hg])=O)=O)c1F)=O,[O-][N+](c(cc1)cc(CC(N(CCC2)C2C([Hg])=O)=O)c1F)=O,[O-][N+](c(cc1)cc(CC(N(CC2)CCC2C([Hg])=O)=O)c1F)=O,CN(CC1)CC(C([Hg])=O)N1C(Cc(cc(cc1)[N+]([O-])=O)c1F)=O,[O-][N+](c(cc1)cc(CC(N(CC([Hg])=O)c2ccc[o]2)=O)c1F)=O,[O-][N+](c(cc1)cc(CC(Nc(cc2)ccc2C([Hg])=O)=O)c1F)=O,[O-][N+](c(cc1)cc(CC(NC(Cc2ccccc2)C([Hg])=O)=O)c1F)=O,[O-][N+](c(cc1)cc(CC(NCc2cccc(CC([Hg])=O)c2)=O)c1F)=O
CS(c1ccc(CC([Hg])=O)cc1)(=O)=O,CC(C([Hg])=O)NC(Cc(cc1)ccc1S(C)(=O)=O)=O,CCN(CCC([Hg])=O)C(Cc(cc1)ccc1S(C)(=O)=O)=O,CS(c1ccc(CC(NC2(COC2)C([Hg])=O)=O)cc1)(=O)=O,CS(c1ccc(CC(N(CCC2)C2C([Hg])=O)=O)cc1)(=O)=O,CS(c1ccc(CC(N(CC2)CCC2C([Hg])=O)=O)cc1)(=O)=O,CN(CC1)CC(C([Hg])=O)N1C(Cc(cc1)ccc1S(C)(=O)=O)=O,CS(c1ccc(CC(N(CC([Hg])=O)c2ccc[o]2)=O)cc1)(=O)=O,CS(c1ccc(CC(Nc(cc2)ccc2C([Hg])=O)=O)cc1)(=O)=O,CS(c1ccc(CC(NC(Cc2ccccc2)C([Hg])=O)=O)cc1)(=O)=O,CS(c1ccc(CC(NCc2cccc(CC([Hg])=O)c2)=O)cc1)(=O)=O
O=C(Cc1c[nH]cn1)[Hg],CC(C([Hg])=O)NC(Cc1c[nH]cn1)=O,CCN(CCC([Hg])=O)C(Cc1c[nH]cn1)=O,O=C(Cc1c[nH]cn1)NC1(COC1)C([Hg])=O,O=C(Cc1c[nH]cn1)N(CCC1)C1C([Hg])=O,O=C(Cc1c[nH]cn1)N(CC1)CCC1C([Hg])=O,CN(CC1)CC(C([Hg])=O)N1C(Cc1c[nH]cn1)=O,O=C(Cc1c[nH]cn1)N(CC([Hg])=O)c1ccc[o]1,O=C(Cc1c[nH]cn1)Nc(cc1)ccc1C([Hg])=O,O=C(Cc1c[nH]cn1)NC(Cc1ccccc1)C([Hg])=O,O=C(Cc1c[nH]cn1)NCc1cccc(CC([Hg])=O)c1
COc(ccc(CC([Hg])=O)c1)c1O,CC(C([Hg])=O)NC(Cc(cc1)cc(O)c1OC)=O,CCN(CCC([Hg])=O)C(Cc(cc1)cc(O)c1OC)=O,COc(ccc(CC(NC1(COC1)C([Hg])=O)=O)c1)c1O,COc(ccc(CC(N(CCC1)C1C([Hg])=O)=O)c1)c1O,COc(ccc(CC(N(CC1)CCC1C([Hg])=O)=O)c1)c1O,CN(CC1)CC(C([Hg])=O)N1C(Cc(cc1)cc(O)c1OC)=O,COc(ccc(CC(N(CC([Hg])=O)c1ccc[o]1)=O)c1)c1O,COc(ccc(CC(Nc(cc1)ccc1C([Hg])=O)=O)c1)c1O,COc(ccc(CC(NC(Cc1ccccc1)C([Hg])=O)=O)c1)c1O,COc(ccc(CC(NCc1cccc(CC([Hg])=O)c1)=O)c1)c1O
CN(c1c(C(N2C)=O)[n](CC([Hg])=O)cn1)C2=O,CC(C([Hg])=O)NC(C[n]1c(C(N(C)C(N2C)=O)=O)c2nc1)=O,CCN(CCC([Hg])=O)C(C[n]1c(C(N(C)C(N2C)=O)=O)c2nc1)=O,CN(c1c(C(N2C)=O)[n](CC(NC3(COC3)C([Hg])=O)=O)cn1)C2=O,CN(c1c(C(N2C)=O)[n](CC(N(CCC3)C3C([Hg])=O)=O)cn1)C2=O,CN(c1c(C(N2C)=O)[n](CC(N(CC3)CCC3C([Hg])=O)=O)cn1)C2=O,CN(CC1)CC(C([Hg])=O)N1C(C[n]1c(C(N(C)C(N2C)=O)=O)c2nc1)=O,CN(c1c(C(N2C)=O)[n](CC(N(CC([Hg])=O)c3ccc[o]3)=O)cn1)C2=O,CN(c1c(C(N2C)=O)[n](CC(Nc(cc3)ccc3C([Hg])=O)=O)cn1)C2=O,CN(c1c(C(N2C)=O)[n](CC(NC(Cc3ccccc3)C([Hg])=O)=O)cn1)C2=O,CN(c1c(C(N2C)=O)[n](CC(NCc3cccc(CC([Hg])=O)c3)=O)cn1)C2=O
O=C(CC1c(cccc2)c2-c2c1cccc2)[Hg],CC(C([Hg])=O)NC(CC1c(cccc2)c2-c2c1cccc2)=O,CCN(CCC([Hg])=O)C(CC1c(cccc2)c2-c2c1cccc2)=O,O=C(CC1c(cccc2)c2-c2c1cccc2)NC1(COC1)C([Hg])=O,O=C(CC1c(cccc2)c2-c2c1cccc2)N(CCC1)C1C([Hg])=O,O=C(CC1c(cccc2)c2-c2c1cccc2)N(CC1)CCC1C([Hg])=O,CN(CC1)CC(C([Hg])=O)N1C(CC1c(cccc2)c2-c2c1cccc2)=O,O=C(CC1c(cccc2)c2-c2c1cccc2)N(CC([Hg])=O)c1ccc[o]1,O=C(CC1c(cccc2)c2-c2c1cccc2)Nc(cc1)ccc1C([Hg])=O,O=C(CC1c(cccc2)c2-c2c1cccc2)NC(Cc1ccccc1)C([Hg])=O,O=C(CC1c(cccc2)c2-c2c1cccc2)NCc1cccc(CC([Hg])=O)c1
O=C(Cc(cccc1)c1Oc1ccccc1)[Hg],CC(C([Hg])=O)NC(Cc(cccc1)c1Oc1ccccc1)=O,CCN(CCC([Hg])=O)C(Cc(cccc1)c1Oc1ccccc1)=O,O=C(Cc(cccc1)c1Oc1ccccc1)NC1(COC1)C([Hg])=O,O=C(Cc(cccc1)c1Oc1ccccc1)N(CCC1)C1C([Hg])=O,O=C(Cc(cccc1)c1Oc1ccccc1)N(CC1)CCC1C([Hg])=O,CN(CC1)CC(C([Hg])=O)N1C(Cc(cccc1)c1Oc1ccccc1)=O,O=C(Cc(cccc1)c1Oc1ccccc1)N(CC([Hg])=O)c1ccc[o]1,O=C(Cc(cccc1)c1Oc1ccccc1)Nc(cc1)ccc1C([Hg])=O,O=C(Cc(cccc1)c1Oc1ccccc1)NC(Cc1ccccc1)C([Hg])=O,O=C(Cc(cccc1)c1Oc1ccccc1)NCc1cccc(CC([Hg])=O)c1
O=C(COc(cccc1Cl)c1Cl)[Hg],CC(C([Hg])=O)NC(COc(cccc1Cl)c1Cl)=O,CCN(CCC([Hg])=O)C(COc(cccc1Cl)c1Cl)=O,O=C(COc(cccc1Cl)c1Cl)NC1(COC1)C([Hg])=O,O=C(COc(cccc1Cl)c1Cl)N(CCC1)C1C([Hg])=O,O=C(COc(cccc1Cl)c1Cl)N(CC1)CCC1C([Hg])=O,CN(CC1)CC(C([Hg])=O)N1C(COc(cccc1Cl)c1Cl)=O,O=C(COc(cccc1Cl)c1Cl)N(CC([Hg])=O)c1ccc[o]1,O=C(COc(cccc1Cl)c1Cl)Nc(cc1)ccc1C([Hg])=O,O=C(COc(cccc1Cl)c1Cl)NC(Cc1ccccc1)C([Hg])=O,O=C(COc(cccc1Cl)c1Cl)NCc1cccc(CC([Hg])=O)c1
O=C(Cc(cccc1)c1F)[Hg],CC(C([Hg])=O)NC(Cc(cccc1)c1F)=O,CCN(CCC([Hg])=O)C(Cc(cccc1)c1F)=O,O=C(Cc(cccc1)c1F)NC1(COC1)C([Hg])=O,O=C(Cc(cccc1)c1F)N(CCC1)C1C([Hg])=O,O=C(Cc(cccc1)c1F)N(CC1)CCC1C([Hg])=O,CN(CC1)CC(C([Hg])=O)N1C(Cc(cccc1)c1F)=O,O=C(Cc(cccc1)c1F)N(CC([Hg])=O)c1ccc[o]1,O=C(Cc(cccc1)c1F)Nc(cc1)ccc1C([Hg])=O,O=C(Cc(cccc1)c1F)NC(Cc1ccccc1)C([Hg])=O,O=C(Cc(cccc1)c1F)NCc1cccc(CC([Hg])=O)c1
O=C(Cc(cccc1F)c1F)[Hg],CC(C([Hg])=O)NC(Cc(cccc1F)c1F)=O,CCN(CCC([Hg])=O)C(Cc(cccc1F)c1F)=O,O=C(Cc(cccc1F)c1F)NC1(COC1)C([Hg])=O,O=C(Cc(cccc1F)c1F)N(CCC1)C1C([Hg])=O,O=C(Cc(cccc1F)c1F)N(CC1)CCC1C([Hg])=O,CN(CC1)CC(C([Hg])=O)N1C(Cc(cccc1F)c1F)=O,O=C(Cc(cccc1F)c1F)N(CC([Hg])=O)c1ccc[o]1,O=C(Cc(cccc1F)c1F)Nc(cc1)ccc1C([Hg])=O,O=C(Cc(cccc1F)c1F)NC(Cc1ccccc1)C([Hg])=O,O=C(Cc(cccc1F)c1F)NCc1cccc(CC([Hg])=O)c1
CC([Hg])=O,CC(C([Hg])=O)NC(C)=O,CCN(CCC([Hg])=O)C(C)=O,CC(NC1(COC1)C([Hg])=O)=O,CC(N(CCC1)C1C([Hg])=O)=O,CC(N(CC1)CCC1C([Hg])=O)=O,CC(N(CCN(C)C1)C1C([Hg])=O)=O,CC(N(CC([Hg])=O)c1ccc[o]1)=O,CC(Nc(cc1)ccc1C([Hg])=O)=O,CC(NC(Cc1ccccc1)C([Hg])=O)=O,CC(NCc1cccc(CC([Hg])=O)c1)=O
NC(NCCC([Hg])=O)=O,CC(C([Hg])=O)NC(CCNC(N)=O)=O,CCN(CCC([Hg])=O)C(CCNC(N)=O)=O,NC(NCCC(NC1(COC1)C([Hg])=O)=O)=O,NC(NCCC(N(CCC1)C1C([Hg])=O)=O)=O,NC(NCCC(N(CC1)CCC1C([Hg])=O)=O)=O,CN(CC1)CC(C([Hg])=O)N1C(CCNC(N)=O)=O,NC(NCCC(N(CC([Hg])=O)c1ccc[o]1)=O)=O,NC(NCCC(Nc(cc1)ccc1C([Hg])=O)=O)=O,NC(NCCC(NC(Cc1ccccc1)C([Hg])=O)=O)=O,NC(NCCC(NCc1cccc(CC([Hg])=O)c1)=O)=O
O=C(CCCc(cc1)cc2c1OCCO2)[Hg],CC(C([Hg])=O)NC(CCCc(cc1)cc2c1OCCO2)=O,CCN(CCC([Hg])=O)C(CCCc(cc1)cc2c1OCCO2)=O,O=C(CCCc(cc1)cc2c1OCCO2)NC1(COC1)C([Hg])=O,O=C(CCCc(cc1)cc2c1OCCO2)N(CCC1)C1C([Hg])=O,O=C(CCCc(cc1)cc2c1OCCO2)N(CC1)CCC1C([Hg])=O,CN(CC1)CC(C([Hg])=O)N1C(CCCc(cc1)cc2c1OCCO2)=O,O=C(CCCc(cc1)cc2c1OCCO2)N(CC([Hg])=O)c1ccc[o]1,O=C(CCCc(cc1)cc2c1OCCO2)Nc(cc1)ccc1C([Hg])=O,O=C(CCCc(cc1)cc2c1OCCO2)NC(Cc1ccccc1)C([Hg])=O,O=C(CCCc(cc1)cc2c1OCCO2)NCc1cccc(CC([Hg])=O)c1
O=C(Cc1c[s]c2c1cccc2)[Hg],CC(C([Hg])=O)NC(Cc1c[s]c2c1cccc2)=O,CCN(CCC([Hg])=O)C(Cc1c[s]c2c1cccc2)=O,O=C(Cc1c[s]c2c1cccc2)NC1(COC1)C([Hg])=O,O=C(Cc1c[s]c2c1cccc2)N(CCC1)C1C([Hg])=O,O=C(Cc1c[s]c2c1cccc2)N(CC1)CCC1C([Hg])=O,CN(CC1)CC(C([Hg])=O)N1C(Cc1c[s]c2c1cccc2)=O,O=C(Cc1c[s]c2c1cccc2)N(CC([Hg])=O)c1ccc[o]1,O=C(Cc1c[s]c2c1cccc2)Nc(cc1)ccc1C([Hg])=O,O=C(Cc1c[s]c2c1cccc2)NC(Cc1ccccc1)C([Hg])=O,O=C(Cc1c[s]c2c1cccc2)NCc1cccc(CC([Hg])=O)c1
Cc1c(CC([Hg])=O)nc(-c2ccccc2)[o]1,CC(C([Hg])=O)NC(Cc1c(C)[o]c(-c2ccccc2)n1)=O,CCN(CCC([Hg])=O)C(Cc1c(C)[o]c(-c2ccccc2)n1)=O,Cc1c(CC(NC2(COC2)C([Hg])=O)=O)nc(-c2ccccc2)[o]1,Cc1c(CC(N(CCC2)C2C([Hg])=O)=O)nc(-c2ccccc2)[o]1,Cc1c(CC(N(CC2)CCC2C([Hg])=O)=O)nc(-c2ccccc2)[o]1,Cc1c(CC(N(CCN(C)C2)C2C([Hg])=O)=O)nc(-c2ccccc2)[o]1,Cc1c(CC(N(CC([Hg])=O)c2ccc[o]2)=O)nc(-c2ccccc2)[o]1,Cc1c(CC(Nc(cc2)ccc2C([Hg])=O)=O)nc(-c2ccccc2)[o]1,Cc1c(CC(NC(Cc2ccccc2)C([Hg])=O)=O)nc(-c2ccccc2)[o]1,Cc1c(CC(NCc2cccc(CC([Hg])=O)c2)=O)nc(-c2ccccc2)[o]1
O=C(COc(cc1)cc(O2)c1C=CC2=O)[Hg],CC(C([Hg])=O)NC(COc(cc1)cc(O2)c1C=CC2=O)=O,CCN(CCC([Hg])=O)C(COc(cc1)cc(O2)c1C=CC2=O)=O,O=C(COc(cc1)cc(O2)c1C=CC2=O)NC1(COC1)C([Hg])=O,O=C(COc(cc1)cc(O2)c1C=CC2=O)N(CCC1)C1C([Hg])=O,O=C(COc(cc1)cc(O2)c1C=CC2=O)N(CC1)CCC1C([Hg])=O,CN(CC1)CC(C([Hg])=O)N1C(COc(cc1)cc(O2)c1C=CC2=O)=O,O=C(COc(cc1)cc(O2)c1C=CC2=O)N(CC([Hg])=O)c1ccc[o]1,O=C(COc(cc1)cc(O2)c1C=CC2=O)Nc(cc1)ccc1C([Hg])=O,O=C(COc(cc1)cc(O2)c1C=CC2=O)NC(Cc1ccccc1)C([Hg])=O,O=C(COc(cc1)cc(O2)c1C=CC2=O)NCc1cccc(CC([Hg])=O)c1
O=C(Cc1c[o]c2c1cccc2)[Hg],CC(C([Hg])=O)NC(Cc1c[o]c2c1cccc2)=O,CCN(CCC([Hg])=O)C(Cc1c[o]c2c1cccc2)=O,O=C(Cc1c[o]c2c1cccc2)NC1(COC1)C([Hg])=O,O=C(Cc1c[o]c2c1cccc2)N(CCC1)C1C([Hg])=O,O=C(Cc1c[o]c2c1cccc2)N(CC1)CCC1C([Hg])=O,CN(CC1)CC(C([Hg])=O)N1C(Cc1c[o]c2c1cccc2)=O,O=C(Cc1c[o]c2c1cccc2)N(CC([Hg])=O)c1ccc[o]1,O=C(Cc1c[o]c2c1cccc2)Nc(cc1)ccc1C([Hg])=O,O=C(Cc1c[o]c2c1cccc2)NC(Cc1ccccc1)C([Hg])=O,O=C(Cc1c[o]c2c1cccc2)NCc1cccc(CC([Hg])=O)c1
COc1ccc(CC([Hg])=O)cc1,CC(C([Hg])=O)NC(Cc(cc1)ccc1OC)=O,CCN(CCC([Hg])=O)C(Cc(cc1)ccc1OC)=O,COc1ccc(CC(NC2(COC2)C([Hg])=O)=O)cc1,COc1ccc(CC(N(CCC2)C2C([Hg])=O)=O)cc1,COc1ccc(CC(N(CC2)CCC2C([Hg])=O)=O)cc1,CN(CC1)CC(C([Hg])=O)N1C(Cc(cc1)ccc1OC)=O,COc1ccc(CC(N(CC([Hg])=O)c2ccc[o]2)=O)cc1,COc1ccc(CC(Nc(cc2)ccc2C([Hg])=O)=O)cc1,COc1ccc(CC(NC(Cc2ccccc2)C([Hg])=O)=O)cc1,COc1ccc(CC(NCc2cccc(CC([Hg])=O)c2)=O)cc1
CCOc1ccc(CC([Hg])=O)cc1,CCOc1ccc(CC(NC(C)C([Hg])=O)=O)cc1,CCN(CCC([Hg])=O)C(Cc(cc1)ccc1OCC)=O,CCOc1ccc(CC(NC2(COC2)C([Hg])=O)=O)cc1,CCOc1ccc(CC(N(CCC2)C2C([Hg])=O)=O)cc1,CCOc1ccc(CC(N(CC2)CCC2C([Hg])=O)=O)cc1,CCOc1ccc(CC(N(CCN(C)C2)C2C([Hg])=O)=O)cc1,CCOc1ccc(CC(N(CC([Hg])=O)c2ccc[o]2)=O)cc1,CCOc1ccc(CC(Nc(cc2)ccc2C([Hg])=O)=O)cc1,CCOc1ccc(CC(NC(Cc2ccccc2)C([Hg])=O)=O)cc1,CCOc1ccc(CC(NCc2cccc(CC([Hg])=O)c2)=O)cc1
COc1cccc(CC([Hg])=O)c1,CC(C([Hg])=O)NC(Cc1cc(OC)ccc1)=O,CCN(CCC([Hg])=O)C(Cc1cc(OC)ccc1)=O,COc1cccc(CC(NC2(COC2)C([Hg])=O)=O)c1,COc1cccc(CC(N(CCC2)C2C([Hg])=O)=O)c1,COc1cccc(CC(N(CC2)CCC2C([Hg])=O)=O)c1,CN(CC1)CC(C([Hg])=O)N1C(Cc1cc(OC)ccc1)=O,COc1cccc(CC(N(CC([Hg])=O)c2ccc[o]2)=O)c1,COc1cccc(CC(Nc(cc2)ccc2C([Hg])=O)=O)c1,COc1cccc(CC(NC(Cc2ccccc2)C([Hg])=O)=O)c1,COc1cccc(CC(NCc2cccc(CC([Hg])=O)c2)=O)c1
CCOc1c(CC([Hg])=O)cccc1,CCOc1c(CC(NC(C)C([Hg])=O)=O)cccc1,CCN(CCC([Hg])=O)C(Cc(cccc1)c1OCC)=O,CCOc1c(CC(NC2(COC2)C([Hg])=O)=O)cccc1,CCOc1c(CC(N(CCC2)C2C([Hg])=O)=O)cccc1,CCOc1c(CC(N(CC2)CCC2C([Hg])=O)=O)cccc1,CCOc1c(CC(N(CCN(C)C2)C2C([Hg])=O)=O)cccc1,CCOc1c(CC(N(CC([Hg])=O)c2ccc[o]2)=O)cccc1,CCOc1c(CC(Nc(cc2)ccc2C([Hg])=O)=O)cccc1,CCOc1c(CC(NC(Cc2ccccc2)C([Hg])=O)=O)cccc1,CCOc1c(CC(NCc2cccc(CC([Hg])=O)c2)=O)cccc1
[O-][N+](c(cccc1)c1OCC([Hg])=O)=O,CC(C([Hg])=O)NC(COc(cccc1)c1[N+]([O-])=O)=O,CCN(CCC([Hg])=O)C(COc(cccc1)c1[N+]([O-])=O)=O,[O-][N+](c(cccc1)c1OCC(NC1(COC1)C([Hg])=O)=O)=O,[O-][N+](c(cccc1)c1OCC(N(CCC1)C1C([Hg])=O)=O)=O,[O-][N+](c(cccc1)c1OCC(N(CC1)CCC1C([Hg])=O)=O)=O,CN(CC1)CC(C([Hg])=O)N1C(COc(cccc1)c1[N+]([O-])=O)=O,[O-][N+](c(cccc1)c1OCC(N(CC([Hg])=O)c1ccc[o]1)=O)=O,[O-][N+](c(cccc1)c1OCC(Nc(cc1)ccc1C([Hg])=O)=O)=O,[O-][N+](c(cccc1)c1OCC(NC(Cc1ccccc1)C([Hg])=O)=O)=O,[O-][N+](c(cccc1)c1OCC(NCc1cccc(CC([Hg])=O)c1)=O)=O
O=C(Cc1c[nH]c2c1cccc2)[Hg],CC(C([Hg])=O)NC(Cc1c[nH]c2c1cccc2)=O,CCN(CCC([Hg])=O)C(Cc1c[nH]c2c1cccc2)=O,O=C(Cc1c[nH]c2c1cccc2)NC1(COC1)C([Hg])=O,O=C(Cc1c[nH]c2c1cccc2)N(CCC1)C1C([Hg])=O,O=C(Cc1c[nH]c2c1cccc2)N(CC1)CCC1C([Hg])=O,CN(CC1)CC(C([Hg])=O)N1C(Cc1c[nH]c2c1cccc2)=O,O=C(Cc1c[nH]c2c1cccc2)N(CC([Hg])=O)c1ccc[o]1,O=C(Cc1c[nH]c2c1cccc2)Nc(cc1)ccc1C([Hg])=O,O=C(Cc1c[nH]c2c1cccc2)NC(Cc1ccccc1)C([Hg])=O,O=C(Cc1c[nH]c2c1cccc2)NCc1cccc(CC([Hg])=O)c1
Cc1c(CC([Hg])=O)c(cccc2)c2[nH]1,CC(C([Hg])=O)NC(Cc1c(C)[nH]c2c1cccc2)=O,CCN(CCC([Hg])=O)C(Cc1c(C)[nH]c2c1cccc2)=O,Cc1c(CC(NC2(COC2)C([Hg])=O)=O)c(cccc2)c2[nH]1,Cc1c(CC(N(CCC2)C2C([Hg])=O)=O)c(cccc2)c2[nH]1,Cc1c(CC(N(CC2)CCC2C([Hg])=O)=O)c(cccc2)c2[nH]1,Cc1c(CC(N(CCN(C)C2)C2C([Hg])=O)=O)c(cccc2)c2[nH]1,Cc1c(CC(N(CC([Hg])=O)c2ccc[o]2)=O)c(cccc2)c2[nH]1,Cc1c(CC(Nc(cc2)ccc2C([Hg])=O)=O)c(cccc2)c2[nH]1,Cc1c(CC(NC(Cc2ccccc2)C([Hg])=O)=O)c(cccc2)c2[nH]1,Cc1c(CC(NCc2cccc(CC([Hg])=O)c2)=O)c(cccc2)c2[nH]1
C[n]1c(cccc2)c2c(CC([Hg])=O)c1,CC(C([Hg])=O)NC(Cc1c[n](C)c2c1cccc2)=O,CCN(CCC([Hg])=O)C(Cc1c[n](C)c2c1cccc2)=O,C[n]1c(cccc2)c2c(CC(NC2(COC2)C([Hg])=O)=O)c1,C[n]1c(cccc2)c2c(CC(N(CCC2)C2C([Hg])=O)=O)c1,C[n]1c(cccc2)c2c(CC(N(CC2)CCC2C([Hg])=O)=O)c1,C[n]1c(cccc2)c2c(CC(N(CCN(C)C2)C2C([Hg])=O)=O)c1,C[n]1c(cccc2)c2c(CC(N(CC([Hg])=O)c2ccc[o]2)=O)c1,C[n]1c(cccc2)c2c(CC(Nc(cc2)ccc2C([Hg])=O)=O)c1,C[n]1c(cccc2)c2c(CC(NC(Cc2ccccc2)C([Hg])=O)=O)c1,C[n]1c(cccc2)c2c(CC(NCc2cccc(CC([Hg])=O)c2)=O)c1
COc1c(CO)ccc(OCC([Hg])=O)c1,CC(C([Hg])=O)NC(COc1cc(OC)c(CO)cc1)=O,CCN(CCC([Hg])=O)C(COc1cc(OC)c(CO)cc1)=O,COc1c(CO)ccc(OCC(NC2(COC2)C([Hg])=O)=O)c1,COc1c(CO)ccc(OCC(N(CCC2)C2C([Hg])=O)=O)c1,COc1c(CO)ccc(OCC(N(CC2)CCC2C([Hg])=O)=O)c1,CN(CC1)CC(C([Hg])=O)N1C(COc1cc(OC)c(CO)cc1)=O,COc1c(CO)ccc(OCC(N(CC([Hg])=O)c2ccc[o]2)=O)c1,COc1c(CO)ccc(OCC(Nc(cc2)ccc2C([Hg])=O)=O)c1,COc1c(CO)ccc(OCC(NC(Cc2ccccc2)C([Hg])=O)=O)c1,COc1c(CO)ccc(OCC(NCc2cccc(CC([Hg])=O)c2)=O)c1
COc(ccc(CC([Hg])=O)c1)c1OC,CC(C([Hg])=O)NC(Cc(cc1)cc(OC)c1OC)=O,CCN(CCC([Hg])=O)C(Cc(cc1)cc(OC)c1OC)=O,COc(ccc(CC(NC1(COC1)C([Hg])=O)=O)c1)c1OC,COc(ccc(CC(N(CCC1)C1C([Hg])=O)=O)c1)c1OC,COc(ccc(CC(N(CC1)CCC1C([Hg])=O)=O)c1)c1OC,CN(CC1)CC(C([Hg])=O)N1C(Cc(cc1)cc(OC)c1OC)=O,COc(ccc(CC(N(CC([Hg])=O)c1ccc[o]1)=O)c1)c1OC,COc(ccc(CC(Nc(cc1)ccc1C([Hg])=O)=O)c1)c1OC,COc(ccc(CC(NC(Cc1ccccc1)C([Hg])=O)=O)c1)c1OC,COc(ccc(CC(NCc1cccc(CC([Hg])=O)c1)=O)c1)c1OC
COc1cc(CC([Hg])=O)cc(OC)c1OC,CC(C([Hg])=O)NC(Cc(cc1OC)cc(OC)c1OC)=O,CCN(CCC([Hg])=O)C(Cc(cc1OC)cc(OC)c1OC)=O,COc1cc(CC(NC2(COC2)C([Hg])=O)=O)cc(OC)c1OC,COc1cc(CC(N(CCC2)C2C([Hg])=O)=O)cc(OC)c1OC,COc1cc(CC(N(CC2)CCC2C([Hg])=O)=O)cc(OC)c1OC,CN(CC1)CC(C([Hg])=O)N1C(Cc(cc1OC)cc(OC)c1OC)=O,COc1cc(CC(N(CC([Hg])=O)c2ccc[o]2)=O)cc(OC)c1OC,COc1cc(CC(Nc(cc2)ccc2C([Hg])=O)=O)cc(OC)c1OC,COc1cc(CC(NC(Cc2ccccc2)C([Hg])=O)=O)cc(OC)c1OC,COc1cc(CC(NCc2cccc(CC([Hg])=O)c2)=O)cc(OC)c1OC
CCOc1ccc(CCC([Hg])=O)cc1,CCOc1ccc(CCC(NC(C)C([Hg])=O)=O)cc1,CCN(CCC([Hg])=O)C(CCc(cc1)ccc1OCC)=O,CCOc1ccc(CCC(NC2(COC2)C([Hg])=O)=O)cc1,CCOc1ccc(CCC(N(CCC2)C2C([Hg])=O)=O)cc1,CCOc1ccc(CCC(N(CC2)CCC2C([Hg])=O)=O)cc1,CCOc1ccc(CCC(N(CCN(C)C2)C2C([Hg])=O)=O)cc1,CCOc1ccc(CCC(N(CC([Hg])=O)c2ccc[o]2)=O)cc1,CCOc1ccc(CCC(Nc(cc2)ccc2C([Hg])=O)=O)cc1,CCOc1ccc(CCC(NC(Cc2ccccc2)C([Hg])=O)=O)cc1,CCOc1ccc(CCC(NCc2cccc(CC([Hg])=O)c2)=O)cc1
O=C(CCc(cc1)cc2c1OCO2)[Hg],CC(C([Hg])=O)NC(CCc(cc1)cc2c1OCO2)=O,CCN(CCC([Hg])=O)C(CCc(cc1)cc2c1OCO2)=O,O=C(CCc(cc1)cc2c1OCO2)NC1(COC1)C([Hg])=O,O=C(CCc(cc1)cc2c1OCO2)N(CCC1)C1C([Hg])=O,O=C(CCc(cc1)cc2c1OCO2)N(CC1)CCC1C([Hg])=O,CN(CC1)CC(C([Hg])=O)N1C(CCc(cc1)cc2c1OCO2)=O,O=C(CCc(cc1)cc2c1OCO2)N(CC([Hg])=O)c1ccc[o]1,O=C(CCc(cc1)cc2c1OCO2)Nc(cc1)ccc1C([Hg])=O,O=C(CCc(cc1)cc2c1OCO2)NC(Cc1ccccc1)C([Hg])=O,O=C(CCc(cc1)cc2c1OCO2)NCc1cccc(CC([Hg])=O)c1
COc1cc(CC([Hg])=O)cc(OC)c1,CC(C([Hg])=O)NC(Cc1cc(OC)cc(OC)c1)=O,CCN(CCC([Hg])=O)C(Cc1cc(OC)cc(OC)c1)=O,COc1cc(CC(NC2(COC2)C([Hg])=O)=O)cc(OC)c1,COc1cc(CC(N(CCC2)C2C([Hg])=O)=O)cc(OC)c1,COc1cc(CC(N(CC2)CCC2C([Hg])=O)=O)cc(OC)c1,CN(CC1)CC(C([Hg])=O)N1C(Cc1cc(OC)cc(OC)c1)=O,COc1cc(CC(N(CC([Hg])=O)c2ccc[o]2)=O)cc(OC)c1,COc1cc(CC(Nc(cc2)ccc2C([Hg])=O)=O)cc(OC)c1,COc1cc(CC(NC(Cc2ccccc2)C([Hg])=O)=O)cc(OC)c1,COc1cc(CC(NCc2cccc(CC([Hg])=O)c2)=O)cc(OC)c1
O=C(CCc1nc(-c(cccc2)c2F)n[o]1)[Hg],CC(C([Hg])=O)NC(CCc1nc(-c(cccc2)c2F)n[o]1)=O,CCN(CCC([Hg])=O)C(CCc1nc(-c(cccc2)c2F)n[o]1)=O,O=C(CCc1nc(-c(cccc2)c2F)n[o]1)NC1(COC1)C([Hg])=O,O=C(CCc1nc(-c(cccc2)c2F)n[o]1)N(CCC1)C1C([Hg])=O,O=C(CCc1nc(-c(cccc2)c2F)n[o]1)N(CC1)CCC1C([Hg])=O,CN(CC1)CC(C([Hg])=O)N1C(CCc1nc(-c(cccc2)c2F)n[o]1)=O,O=C(CCc1nc(-c(cccc2)c2F)n[o]1)N(CC([Hg])=O)c1ccc[o]1,O=C(CCc1nc(-c(cccc2)c2F)n[o]1)Nc(cc1)ccc1C([Hg])=O,O=C(CCc1nc(-c(cccc2)c2F)n[o]1)NC(Cc1ccccc1)C([Hg])=O,O=C(CCc1nc(-c(cccc2)c2F)n[o]1)NCc1cccc(CC([Hg])=O)c1
Cc(cc1)ccc1C(CCC([Hg])=O)=O,CC(C([Hg])=O)NC(CCC(c1ccc(C)cc1)=O)=O,CCN(CCC([Hg])=O)C(CCC(c1ccc(C)cc1)=O)=O,Cc(cc1)ccc1C(CCC(NC1(COC1)C([Hg])=O)=O)=O,Cc(cc1)ccc1C(CCC(N(CCC1)C1C([Hg])=O)=O)=O,Cc(cc1)ccc1C(CCC(N(CC1)CCC1C([Hg])=O)=O)=O,Cc(cc1)ccc1C(CCC(N(CCN(C)C1)C1C([Hg])=O)=O)=O,Cc(cc1)ccc1C(CCC(N(CC([Hg])=O)c1ccc[o]1)=O)=O,Cc(cc1)ccc1C(CCC(Nc(cc1)ccc1C([Hg])=O)=O)=O,Cc(cc1)ccc1C(CCC(NC(Cc1ccccc1)C([Hg])=O)=O)=O,Cc(cc1)ccc1C(CCC(NCc1cccc(CC([Hg])=O)c1)=O)=O
O=C(CCC([Hg])=O)c1ccccc1,CC(C([Hg])=O)NC(CCC(c1ccccc1)=O)=O,CCN(CCC([Hg])=O)C(CCC(c1ccccc1)=O)=O,O=C(CCC(NC1(COC1)C([Hg])=O)=O)c1ccccc1,O=C(CCC(N(CCC1)C1C([Hg])=O)=O)c1ccccc1,O=C(CCC(N(CC1)CCC1C([Hg])=O)=O)c1ccccc1,CN(CC1)CC(C([Hg])=O)N1C(CCC(c1ccccc1)=O)=O,O=C(CCC(N(CC([Hg])=O)c1ccc[o]1)=O)c1ccccc1,O=C(CCC(Nc(cc1)ccc1C([Hg])=O)=O)c1ccccc1,O=C(CCC(NC(Cc1ccccc1)C([Hg])=O)=O)c1ccccc1,O=C(CCC(NCc1cccc(CC([Hg])=O)c1)=O)c1ccccc1
Cc1ccc(CCC([Hg])=O)cc1,CC(C([Hg])=O)NC(CCc1ccc(C)cc1)=O,CCN(CCC([Hg])=O)C(CCc1ccc(C)cc1)=O,Cc1ccc(CCC(NC2(COC2)C([Hg])=O)=O)cc1,Cc1ccc(CCC(N(CCC2)C2C([Hg])=O)=O)cc1,Cc1ccc(CCC(N(CC2)CCC2C([Hg])=O)=O)cc1,Cc1ccc(CCC(N(CCN(C)C2)C2C([Hg])=O)=O)cc1,Cc1ccc(CCC(N(CC([Hg])=O)c2ccc[o]2)=O)cc1,Cc1ccc(CCC(Nc(cc2)ccc2C([Hg])=O)=O)cc1,Cc1ccc(CCC(NC(Cc2ccccc2)C([Hg])=O)=O)cc1,Cc1ccc(CCC(NCc2cccc(CC([Hg])=O)c2)=O)cc1
COc1c(CCC([Hg])=O)cccc1,CC(C([Hg])=O)NC(CCc(cccc1)c1OC)=O,CCN(CCC([Hg])=O)C(CCc(cccc1)c1OC)=O,COc1c(CCC(NC2(COC2)C([Hg])=O)=O)cccc1,COc1c(CCC(N(CCC2)C2C([Hg])=O)=O)cccc1,COc1c(CCC(N(CC2)CCC2C([Hg])=O)=O)cccc1,CN(CC1)CC(C([Hg])=O)N1C(CCc(cccc1)c1OC)=O,COc1c(CCC(N(CC([Hg])=O)c2ccc[o]2)=O)cccc1,COc1c(CCC(Nc(cc2)ccc2C([Hg])=O)=O)cccc1,COc1c(CCC(NC(Cc2ccccc2)C([Hg])=O)=O)cccc1,COc1c(CCC(NCc2cccc(CC([Hg])=O)c2)=O)cccc1
Cc1c(CCC([Hg])=O)cccc1,CC(C([Hg])=O)NC(CCc1c(C)cccc1)=O,CCN(CCC([Hg])=O)C(CCc1c(C)cccc1)=O,Cc1c(CCC(NC2(COC2)C([Hg])=O)=O)cccc1,Cc1c(CCC(N(CCC2)C2C([Hg])=O)=O)cccc1,Cc1c(CCC(N(CC2)CCC2C([Hg])=O)=O)cccc1,Cc1c(CCC(N(CCN(C)C2)C2C([Hg])=O)=O)cccc1,Cc1c(CCC(N(CC([Hg])=O)c2ccc[o]2)=O)cccc1,Cc1c(CCC(Nc(cc2)ccc2C([Hg])=O)=O)cccc1,Cc1c(CCC(NC(Cc2ccccc2)C([Hg])=O)=O)cccc1,Cc1c(CCC(NCc2cccc(CC([Hg])=O)c2)=O)cccc1
COc1ccc(CCC([Hg])=O)cc1,CC(C([Hg])=O)NC(CCc(cc1)ccc1OC)=O,CCN(CCC([Hg])=O)C(CCc(cc1)ccc1OC)=O,COc1ccc(CCC(NC2(COC2)C([Hg])=O)=O)cc1,COc1ccc(CCC(N(CCC2)C2C([Hg])=O)=O)cc1,COc1ccc(CCC(N(CC2)CCC2C([Hg])=O)=O)cc1,CN(CC1)CC(C([Hg])=O)N1C(CCc(cc1)ccc1OC)=O,COc1ccc(CCC(N(CC([Hg])=O)c2ccc[o]2)=O)cc1,COc1ccc(CCC(Nc(cc2)ccc2C([Hg])=O)=O)cc1,COc1ccc(CCC(NC(Cc2ccccc2)C([Hg])=O)=O)cc1,COc1ccc(CCC(NCc2cccc(CC([Hg])=O)c2)=O)cc1
Cc(cc(CC([Hg])=O)cc1)c1OC,CC(C([Hg])=O)NC(Cc(cc1)cc(C)c1OC)=O,CCN(CCC([Hg])=O)C(Cc(cc1)cc(C)c1OC)=O,Cc(cc(CC(NC1(COC1)C([Hg])=O)=O)cc1)c1OC,Cc(cc(CC(N(CCC1)C1C([Hg])=O)=O)cc1)c1OC,Cc(cc(CC(N(CC1)CCC1C([Hg])=O)=O)cc1)c1OC,Cc(cc(CC(N(CCN(C)C1)C1C([Hg])=O)=O)cc1)c1OC,Cc(cc(CC(N(CC([Hg])=O)c1ccc[o]1)=O)cc1)c1OC,Cc(cc(CC(Nc(cc1)ccc1C([Hg])=O)=O)cc1)c1OC,Cc(cc(CC(NC(Cc1ccccc1)C([Hg])=O)=O)cc1)c1OC,Cc(cc(CC(NCc1cccc(CC([Hg])=O)c1)=O)cc1)c1OC
CCOc(ccc(CC([Hg])=O)c1)c1OC,CCOc(ccc(CC(NC(C)C([Hg])=O)=O)c1)c1OC,CCN(CCC([Hg])=O)C(Cc(cc1)cc(OC)c1OCC)=O,CCOc(ccc(CC(NC1(COC1)C([Hg])=O)=O)c1)c1OC,CCOc(ccc(CC(N(CCC1)C1C([Hg])=O)=O)c1)c1OC,CCOc(ccc(CC(N(CC1)CCC1C([Hg])=O)=O)c1)c1OC,CCOc(ccc(CC(N(CCN(C)C1)C1C([Hg])=O)=O)c1)c1OC,CCOc(ccc(CC(N(CC([Hg])=O)c1ccc[o]1)=O)c1)c1OC,CCOc(ccc(CC(Nc(cc1)ccc1C([Hg])=O)=O)c1)c1OC,CCOc(ccc(CC(NC(Cc1ccccc1)C([Hg])=O)=O)c1)c1OC,CCOc(ccc(CC(NCc1cccc(CC([Hg])=O)c1)=O)c1)c1OC
O=C(CCc1ncc(-c2ccccc2)[o]1)[Hg],CC(C([Hg])=O)NC(CCc1ncc(-c2ccccc2)[o]1)=O,CCN(CCC([Hg])=O)C(CCc1ncc(-c2ccccc2)[o]1)=O,O=C(CCc1ncc(-c2ccccc2)[o]1)NC1(COC1)C([Hg])=O,O=C(CCc1ncc(-c2ccccc2)[o]1)N(CCC1)C1C([Hg])=O,O=C(CCc1ncc(-c2ccccc2)[o]1)N(CC1)CCC1C([Hg])=O,CN(CC1)CC(C([Hg])=O)N1C(CCc1ncc(-c2ccccc2)[o]1)=O,O=C(CCc1ncc(-c2ccccc2)[o]1)N(CC([Hg])=O)c1ccc[o]1,O=C(CCc1ncc(-c2ccccc2)[o]1)Nc(cc1)ccc1C([Hg])=O,O=C(CCc1ncc(-c2ccccc2)[o]1)NC(Cc1ccccc1)C([Hg])=O,O=C(CCc1ncc(-c2ccccc2)[o]1)NCc1cccc(CC([Hg])=O)c1
O=C(CCc1nnc(-c2ccccc2)[o]1)[Hg],CC(C([Hg])=O)NC(CCc1nnc(-c2ccccc2)[o]1)=O,CCN(CCC([Hg])=O)C(CCc1nnc(-c2ccccc2)[o]1)=O,O=C(CCc1nnc(-c2ccccc2)[o]1)NC1(COC1)C([Hg])=O,O=C(CCc1nnc(-c2ccccc2)[o]1)N(CCC1)C1C([Hg])=O,O=C(CCc1nnc(-c2ccccc2)[o]1)N(CC1)CCC1C([Hg])=O,CN(CC1)CC(C([Hg])=O)N1C(CCc1nnc(-c2ccccc2)[o]1)=O,O=C(CCc1nnc(-c2ccccc2)[o]1)N(CC([Hg])=O)c1ccc[o]1,O=C(CCc1nnc(-c2ccccc2)[o]1)Nc(cc1)ccc1C([Hg])=O,O=C(CCc1nnc(-c2ccccc2)[o]1)NC(Cc1ccccc1)C([Hg])=O,O=C(CCc1nnc(-c2ccccc2)[o]1)NCc1cccc(CC([Hg])=O)c1
O=C(CCc1ncc(-c(cc2)ccc2Cl)[o]1)[Hg],CC(C([Hg])=O)NC(CCc1ncc(-c(cc2)ccc2Cl)[o]1)=O,CCN(CCC([Hg])=O)C(CCc1ncc(-c(cc2)ccc2Cl)[o]1)=O,O=C(CCc1ncc(-c(cc2)ccc2Cl)[o]1)NC1(COC1)C([Hg])=O,O=C(CCc1ncc(-c(cc2)ccc2Cl)[o]1)N(CCC1)C1C([Hg])=O,O=C(CCc1ncc(-c(cc2)ccc2Cl)[o]1)N(CC1)CCC1C([Hg])=O,CN(CC1)CC(C([Hg])=O)N1C(CCc1ncc(-c(cc2)ccc2Cl)[o]1)=O,O=C(CCc1ncc(-c(cc2)ccc2Cl)[o]1)N(CC([Hg])=O)c1ccc[o]1,O=C(CCc1ncc(-c(cc2)ccc2Cl)[o]1)Nc(cc1)ccc1C([Hg])=O,O=C(CCc1ncc(-c(cc2)ccc2Cl)[o]1)NC(Cc1ccccc1)C([Hg])=O,O=C(CCc1ncc(-c(cc2)ccc2Cl)[o]1)NCc1cccc(CC([Hg])=O)c1
O=C(CNC(c1ccc[o]1)=O)[Hg],CC(C([Hg])=O)NC(CNC(c1ccc[o]1)=O)=O,CCN(CCC([Hg])=O)C(CNC(c1ccc[o]1)=O)=O,O=C(CNC(c1ccc[o]1)=O)NC1(COC1)C([Hg])=O,O=C(CNC(c1ccc[o]1)=O)N(CCC1)C1C([Hg])=O,O=C(CNC(c1ccc[o]1)=O)N(CC1)CCC1C([Hg])=O,CN(CC1)CC(C([Hg])=O)N1C(CNC(c1ccc[o]1)=O)=O,O=C(CNC(c1ccc[o]1)=O)N(CC([Hg])=O)c1ccc[o]1,O=C(CNC(c1ccc[o]1)=O)Nc(cc1)ccc1C([Hg])=O,O=C(CNC(c1ccc[o]1)=O)NC(Cc1ccccc1)C([Hg])=O,O=C(CNC(c1ccc[o]1)=O)NCc1cccc(CC([Hg])=O)c1
O=C(CNC(/C=C/c1ccc[o]1)=O)[Hg],CC(C([Hg])=O)NC(CNC(/C=C/c1ccc[o]1)=O)=O,CCN(CCC([Hg])=O)C(CNC(/C=C/c1ccc[o]1)=O)=O,O=C(CNC(/C=C/c1ccc[o]1)=O)NC1(COC1)C([Hg])=O,O=C(CNC(/C=C/c1ccc[o]1)=O)N(CCC1)C1C([Hg])=O,O=C(CNC(/C=C/c1ccc[o]1)=O)N(CC1)CCC1C([Hg])=O,CN(CC1)CC(C([Hg])=O)N1C(CNC(/C=C/c1ccc[o]1)=O)=O,O=C(CNC(/C=C/c1ccc[o]1)=O)N(CC([Hg])=O)c1ccc[o]1,O=C(CNC(/C=C/c1ccc[o]1)=O)Nc(cc1)ccc1C([Hg])=O,O=C(CNC(/C=C/c1ccc[o]1)=O)NC(Cc1ccccc1)C([Hg])=O,O=C(CNC(/C=C/c1ccc[o]1)=O)NCc1cccc(CC([Hg])=O)c1
O=C(Cc(cc1)ccc1OCc1ccccc1)[Hg],CC(C([Hg])=O)NC(Cc(cc1)ccc1OCc1ccccc1)=O,CCN(CCC([Hg])=O)C(Cc(cc1)ccc1OCc1ccccc1)=O,O=C(Cc(cc1)ccc1OCc1ccccc1)NC1(COC1)C([Hg])=O,O=C(Cc(cc1)ccc1OCc1ccccc1)N(CCC1)C1C([Hg])=O,O=C(Cc(cc1)ccc1OCc1ccccc1)N(CC1)CCC1C([Hg])=O,CN(CC1)CC(C([Hg])=O)N1C(Cc(cc1)ccc1OCc1ccccc1)=O,O=C(Cc(cc1)ccc1OCc1ccccc1)N(CC([Hg])=O)c1ccc[o]1,O=C(Cc(cc1)ccc1OCc1ccccc1)Nc(cc1)ccc1C([Hg])=O,O=C(Cc(cc1)ccc1OCc1ccccc1)NC(Cc1ccccc1)C([Hg])=O,O=C(Cc(cc1)ccc1OCc1ccccc1)NCc1cccc(CC([Hg])=O)c1
Cc1cc(OCC([Hg])=O)c(C(CCC2)=C2C(O2)=O)c2c1,CC(C([Hg])=O)NC(COc1c(C(CCC2)=C2C(O2)=O)c2cc(C)c1)=O,CCN(CCC([Hg])=O)C(COc1c(C(CCC2)=C2C(O2)=O)c2cc(C)c1)=O,Cc1cc(OCC(NC2(COC2)C([Hg])=O)=O)c(C(CCC2)=C2C(O2)=O)c2c1,Cc1cc(OCC(N(CCC2)C2C([Hg])=O)=O)c(C(CCC2)=C2C(O2)=O)c2c1,Cc1cc(OCC(N(CC2)CCC2C([Hg])=O)=O)c(C(CCC2)=C2C(O2)=O)c2c1,Cc1cc(OCC(N(CCN(C)C2)C2C([Hg])=O)=O)c(C(CCC2)=C2C(O2)=O)c2c1,Cc1cc(OCC(N(CC([Hg])=O)c2ccc[o]2)=O)c(C(CCC2)=C2C(O2)=O)c2c1,Cc1cc(OCC(Nc(cc2)ccc2C([Hg])=O)=O)c(C(CCC2)=C2C(O2)=O)c2c1,Cc1cc(OCC(NC(Cc2ccccc2)C([Hg])=O)=O)c(C(CCC2)=C2C(O2)=O)c2c1,Cc1cc(OCC(NCc2cccc(CC([Hg])=O)c2)=O)c(C(CCC2)=C2C(O2)=O)c2c1
O=C(Cc1cc(cccc2)c2cc1)[Hg],CC(C([Hg])=O)NC(Cc1cc(cccc2)c2cc1)=O,CCN(CCC([Hg])=O)C(Cc1cc(cccc2)c2cc1)=O,O=C(Cc1cc(cccc2)c2cc1)NC1(COC1)C([Hg])=O,O=C(Cc1cc(cccc2)c2cc1)N(CCC1)C1C([Hg])=O,O=C(Cc1cc(cccc2)c2cc1)N(CC1)CCC1C([Hg])=O,CN(CC1)CC(C([Hg])=O)N1C(Cc1cc(cccc2)c2cc1)=O,O=C(Cc1cc(cccc2)c2cc1)N(CC([Hg])=O)c1ccc[o]1,O=C(Cc1cc(cccc2)c2cc1)Nc(cc1)ccc1C([Hg])=O,O=C(Cc1cc(cccc2)c2cc1)NC(Cc1ccccc1)C([Hg])=O,O=C(Cc1cc(cccc2)c2cc1)NCc1cccc(CC([Hg])=O)c1
O=C(COc1cc(cccc2)c2cc1)[Hg],CC(C([Hg])=O)NC(COc1cc(cccc2)c2cc1)=O,CCN(CCC([Hg])=O)C(COc1cc(cccc2)c2cc1)=O,O=C(COc1cc(cccc2)c2cc1)NC1(COC1)C([Hg])=O,O=C(COc1cc(cccc2)c2cc1)N(CCC1)C1C([Hg])=O,O=C(COc1cc(cccc2)c2cc1)N(CC1)CCC1C([Hg])=O,CN(CC1)CC(C([Hg])=O)N1C(COc1cc(cccc2)c2cc1)=O,O=C(COc1cc(cccc2)c2cc1)N(CC([Hg])=O)c1ccc[o]1,O=C(COc1cc(cccc2)c2cc1)Nc(cc1)ccc1C([Hg])=O,O=C(COc1cc(cccc2)c2cc1)NC(Cc1ccccc1)C([Hg])=O,O=C(COc1cc(cccc2)c2cc1)NCc1cccc(CC([Hg])=O)c1
O=C(CCc1ccc[s]1)[Hg],CC(C([Hg])=O)NC(CCc1ccc[s]1)=O,CCN(CCC([Hg])=O)C(CCc1ccc[s]1)=O,O=C(CCc1ccc[s]1)NC1(COC1)C([Hg])=O,O=C(CCc1ccc[s]1)N(CCC1)C1C([Hg])=O,O=C(CCc1ccc[s]1)N(CC1)CCC1C([Hg])=O,CN(CC1)CC(C([Hg])=O)N1C(CCc1ccc[s]1)=O,O=C(CCc1ccc[s]1)N(CC([Hg])=O)c1ccc[o]1,O=C(CCc1ccc[s]1)Nc(cc1)ccc1C([Hg])=O,O=C(CCc1ccc[s]1)NC(Cc1ccccc1)C([Hg])=O,O=C(CCc1ccc[s]1)NCc1cccc(CC([Hg])=O)c1
O=C(Cc1c[s]cc1)[Hg],CC(C([Hg])=O)NC(Cc1c[s]cc1)=O,CCN(CCC([Hg])=O)C(Cc1c[s]cc1)=O,O=C(Cc1c[s]cc1)NC1(COC1)C([Hg])=O,O=C(Cc1c[s]cc1)N(CCC1)C1C([Hg])=O,O=C(Cc1c[s]cc1)N(CC1)CCC1C([Hg])=O,CN(CC1)CC(C([Hg])=O)N1C(Cc1c[s]cc1)=O,O=C(Cc1c[s]cc1)N(CC([Hg])=O)c1ccc[o]1,O=C(Cc1c[s]cc1)Nc(cc1)ccc1C([Hg])=O,O=C(Cc1c[s]cc1)NC(Cc1ccccc1)C([Hg])=O,O=C(Cc1c[s]cc1)NCc1cccc(CC([Hg])=O)c1
O=C(CCC([Hg])=O)c1ccc[s]1,CC(C([Hg])=O)NC(CCC(c1ccc[s]1)=O)=O,CCN(CCC([Hg])=O)C(CCC(c1ccc[s]1)=O)=O,O=C(CCC(NC1(COC1)C([Hg])=O)=O)c1ccc[s]1,O=C(CCC(N(CCC1)C1C([Hg])=O)=O)c1ccc[s]1,O=C(CCC(N(CC1)CCC1C([Hg])=O)=O)c1ccc[s]1,CN(CC1)CC(C([Hg])=O)N1C(CCC(c1ccc[s]1)=O)=O,O=C(CCC(N(CC([Hg])=O)c1ccc[o]1)=O)c1ccc[s]1,O=C(CCC(Nc(cc1)ccc1C([Hg])=O)=O)c1ccc[s]1,O=C(CCC(NC(Cc1ccccc1)C([Hg])=O)=O)c1ccc[s]1,O=C(CCC(NCc1cccc(CC([Hg])=O)c1)=O)c1ccc[s]1
COc(ccc(C(CCC([Hg])=O)=O)c1)c1F,CC(C([Hg])=O)NC(CCC(c(cc1)cc(F)c1OC)=O)=O,CCN(CCC([Hg])=O)C(CCC(c(cc1)cc(F)c1OC)=O)=O,COc(ccc(C(CCC(NC1(COC1)C([Hg])=O)=O)=O)c1)c1F,COc(ccc(C(CCC(N(CCC1)C1C([Hg])=O)=O)=O)c1)c1F,COc(ccc(C(CCC(N(CC1)CCC1C([Hg])=O)=O)=O)c1)c1F,CN(CC1)CC(C([Hg])=O)N1C(CCC(c(cc1)cc(F)c1OC)=O)=O,COc(ccc(C(CCC(N(CC([Hg])=O)c1ccc[o]1)=O)=O)c1)c1F,COc(ccc(C(CCC(Nc(cc1)ccc1C([Hg])=O)=O)=O)c1)c1F,COc(ccc(C(CCC(NC(Cc1ccccc1)C([Hg])=O)=O)=O)c1)c1F,COc(ccc(C(CCC(NCc1cccc(CC([Hg])=O)c1)=O)=O)c1)c1F
COc(cc1)ccc1C(CCC([Hg])=O)=O,CC(C([Hg])=O)NC(CCC(c(cc1)ccc1OC)=O)=O,CCN(CCC([Hg])=O)C(CCC(c(cc1)ccc1OC)=O)=O,COc(cc1)ccc1C(CCC(NC1(COC1)C([Hg])=O)=O)=O,COc(cc1)ccc1C(CCC(N(CCC1)C1C([Hg])=O)=O)=O,COc(cc1)ccc1C(CCC(N(CC1)CCC1C([Hg])=O)=O)=O,CN(CC1)CC(C([Hg])=O)N1C(CCC(c(cc1)ccc1OC)=O)=O,COc(cc1)ccc1C(CCC(N(CC([Hg])=O)c1ccc[o]1)=O)=O,COc(cc1)ccc1C(CCC(Nc(cc1)ccc1C([Hg])=O)=O)=O,COc(cc1)ccc1C(CCC(NC(Cc1ccccc1)C([Hg])=O)=O)=O,COc(cc1)ccc1C(CCC(NCc1cccc(CC([Hg])=O)c1)=O)=O
COc(cc(CC([Hg])=O)cc1)c1F,CC(C([Hg])=O)NC(Cc(cc1)cc(OC)c1F)=O,CCN(CCC([Hg])=O)C(Cc(cc1)cc(OC)c1F)=O,COc(cc(CC(NC1(COC1)C([Hg])=O)=O)cc1)c1F,COc(cc(CC(N(CCC1)C1C([Hg])=O)=O)cc1)c1F,COc(cc(CC(N(CC1)CCC1C([Hg])=O)=O)cc1)c1F,CN(CC1)CC(C([Hg])=O)N1C(Cc(cc1)cc(OC)c1F)=O,COc(cc(CC(N(CC([Hg])=O)c1ccc[o]1)=O)cc1)c1F,COc(cc(CC(Nc(cc1)ccc1C([Hg])=O)=O)cc1)c1F,COc(cc(CC(NC(Cc1ccccc1)C([Hg])=O)=O)cc1)c1F,COc(cc(CC(NCc1cccc(CC([Hg])=O)c1)=O)cc1)c1F
OCc(cc1)ccc1OCCC([Hg])=O,CC(C([Hg])=O)NC(CCOc1ccc(CO)cc1)=O,CCN(CCC([Hg])=O)C(CCOc1ccc(CO)cc1)=O,OCc(cc1)ccc1OCCC(NC1(COC1)C([Hg])=O)=O,OCc(cc1)ccc1OCCC(N(CCC1)C1C([Hg])=O)=O,OCc(cc1)ccc1OCCC(N(CC1)CCC1C([Hg])=O)=O,CN(CC1)CC(C([Hg])=O)N1C(CCOc1ccc(CO)cc1)=O,OCc(cc1)ccc1OCCC(N(CC([Hg])=O)c1ccc[o]1)=O,OCc(cc1)ccc1OCCC(Nc(cc1)ccc1C([Hg])=O)=O,OCc(cc1)ccc1OCCC(NC(Cc1ccccc1)C([Hg])=O)=O,OCc(cc1)ccc1OCCC(NCc1cccc(CC([Hg])=O)c1)=O
O=C(CCc(cc1)ccc1F)[Hg],CC(C([Hg])=O)NC(CCc(cc1)ccc1F)=O,CCN(CCC([Hg])=O)C(CCc(cc1)ccc1F)=O,O=C(CCc(cc1)ccc1F)NC1(COC1)C([Hg])=O,O=C(CCc(cc1)ccc1F)N(CCC1)C1C([Hg])=O,O=C(CCc(cc1)ccc1F)N(CC1)CCC1C([Hg])=O,CN(CC1)CC(C([Hg])=O)N1C(CCc(cc1)ccc1F)=O,O=C(CCc(cc1)ccc1F)N(CC([Hg])=O)c1ccc[o]1,O=C(CCc(cc1)ccc1F)Nc(cc1)ccc1C([Hg])=O,O=C(CCc(cc1)ccc1F)NC(Cc1ccccc1)C([Hg])=O,O=C(CCc(cc1)ccc1F)NCc1cccc(CC([Hg])=O)c1
O=C(COc(cc1)ccc1F)[Hg],CC(C([Hg])=O)NC(COc(cc1)ccc1F)=O,CCN(CCC([Hg])=O)C(COc(cc1)ccc1F)=O,O=C(COc(cc1)ccc1F)NC1(COC1)C([Hg])=O,O=C(COc(cc1)ccc1F)N(CCC1)C1C([Hg])=O,O=C(COc(cc1)ccc1F)N(CC1)CCC1C([Hg])=O,CN(CC1)CC(C([Hg])=O)N1C(COc(cc1)ccc1F)=O,O=C(COc(cc1)ccc1F)N(CC([Hg])=O)c1ccc[o]1,O=C(COc(cc1)ccc1F)Nc(cc1)ccc1C([Hg])=O,O=C(COc(cc1)ccc1F)NC(Cc1ccccc1)C([Hg])=O,O=C(COc(cc1)ccc1F)NCc1cccc(CC([Hg])=O)c1
O=C(CCc(cc1)cc(F)c1F)[Hg],CC(C([Hg])=O)NC(CCc(cc1)cc(F)c1F)=O,CCN(CCC([Hg])=O)C(CCc(cc1)cc(F)c1F)=O,O=C(CCc(cc1)cc(F)c1F)NC1(COC1)C([Hg])=O,O=C(CCc(cc1)cc(F)c1F)N(CCC1)C1C([Hg])=O,O=C(CCc(cc1)cc(F)c1F)N(CC1)CCC1C([Hg])=O,CN(CC1)CC(C([Hg])=O)N1C(CCc(cc1)cc(F)c1F)=O,O=C(CCc(cc1)cc(F)c1F)N(CC([Hg])=O)c1ccc[o]1,O=C(CCc(cc1)cc(F)c1F)Nc(cc1)ccc1C([Hg])=O,O=C(CCc(cc1)cc(F)c1F)NC(Cc1ccccc1)C([Hg])=O,O=C(CCc(cc1)cc(F)c1F)NCc1cccc(CC([Hg])=O)c1
O=C(CCc1c(C(F)(F)F)cccc1)[Hg],CC(C([Hg])=O)NC(CCc1c(C(F)(F)F)cccc1)=O,CCN(CCC([Hg])=O)C(CCc1c(C(F)(F)F)cccc1)=O,O=C(CCc1c(C(F)(F)F)cccc1)NC1(COC1)C([Hg])=O,O=C(CCc1c(C(F)(F)F)cccc1)N(CCC1)C1C([Hg])=O,O=C(CCc1c(C(F)(F)F)cccc1)N(CC1)CCC1C([Hg])=O,CN(CC1)CC(C([Hg])=O)N1C(CCc1c(C(F)(F)F)cccc1)=O,O=C(CCc1c(C(F)(F)F)cccc1)N(CC([Hg])=O)c1ccc[o]1,O=C(CCc1c(C(F)(F)F)cccc1)Nc(cc1)ccc1C([Hg])=O,O=C(CCc1c(C(F)(F)F)cccc1)NC(Cc1ccccc1)C([Hg])=O,O=C(CCc1c(C(F)(F)F)cccc1)NCc1cccc(CC([Hg])=O)c1
O=C(CCc(ccc(Cl)c1)c1Cl)[Hg],CC(C([Hg])=O)NC(CCc(ccc(Cl)c1)c1Cl)=O,CCN(CCC([Hg])=O)C(CCc(ccc(Cl)c1)c1Cl)=O,O=C(CCc(ccc(Cl)c1)c1Cl)NC1(COC1)C([Hg])=O,O=C(CCc(ccc(Cl)c1)c1Cl)N(CCC1)C1C([Hg])=O,O=C(CCc(ccc(Cl)c1)c1Cl)N(CC1)CCC1C([Hg])=O,CN(CC1)CC(C([Hg])=O)N1C(CCc(ccc(Cl)c1)c1Cl)=O,O=C(CCc(ccc(Cl)c1)c1Cl)N(CC([Hg])=O)c1ccc[o]1,O=C(CCc(ccc(Cl)c1)c1Cl)Nc(cc1)ccc1C([Hg])=O,O=C(CCc(ccc(Cl)c1)c1Cl)NC(Cc1ccccc1)C([Hg])=O,O=C(CCc(ccc(Cl)c1)c1Cl)NCc1cccc(CC([Hg])=O)c1
O=C(CCC([Hg])=O)c(cc1)ccc1F,CC(C([Hg])=O)NC(CCC(c(cc1)ccc1F)=O)=O,CCN(CCC([Hg])=O)C(CCC(c(cc1)ccc1F)=O)=O,O=C(CCC(NC1(COC1)C([Hg])=O)=O)c(cc1)ccc1F,O=C(CCC(N(CCC1)C1C([Hg])=O)=O)c(cc1)ccc1F,O=C(CCC(N(CC1)CCC1C([Hg])=O)=O)c(cc1)ccc1F,CN(CC1)CC(C([Hg])=O)N1C(CCC(c(cc1)ccc1F)=O)=O,O=C(CCC(N(CC([Hg])=O)c1ccc[o]1)=O)c(cc1)ccc1F,O=C(CCC(Nc(cc1)ccc1C([Hg])=O)=O)c(cc1)ccc1F,O=C(CCC(NC(Cc1ccccc1)C([Hg])=O)=O)c(cc1)ccc1F,O=C(CCC(NCc1cccc(CC([Hg])=O)c1)=O)c(cc1)ccc1F
O=C(CCC([Hg])=O)c1cc(F)cc(F)c1,CC(C([Hg])=O)NC(CCC(c1cc(F)cc(F)c1)=O)=O,CCN(CCC([Hg])=O)C(CCC(c1cc(F)cc(F)c1)=O)=O,O=C(CCC(NC1(COC1)C([Hg])=O)=O)c1cc(F)cc(F)c1,O=C(CCC(N(CCC1)C1C([Hg])=O)=O)c1cc(F)cc(F)c1,O=C(CCC(N(CC1)CCC1C([Hg])=O)=O)c1cc(F)cc(F)c1,CN(CC1)CC(C([Hg])=O)N1C(CCC(c1cc(F)cc(F)c1)=O)=O,O=C(CCC(N(CC([Hg])=O)c1ccc[o]1)=O)c1cc(F)cc(F)c1,O=C(CCC(Nc(cc1)ccc1C([Hg])=O)=O)c1cc(F)cc(F)c1,O=C(CCC(NC(Cc1ccccc1)C([Hg])=O)=O)c1cc(F)cc(F)c1,O=C(CCC(NCc1cccc(CC([Hg])=O)c1)=O)c1cc(F)cc(F)c1
O=C(Cc(c(Cl)ccc1)c1Cl)[Hg],CC(C([Hg])=O)NC(Cc(c(Cl)ccc1)c1Cl)=O,CCN(CCC([Hg])=O)C(Cc(c(Cl)ccc1)c1Cl)=O,O=C(Cc(c(Cl)ccc1)c1Cl)NC1(COC1)C([Hg])=O,O=C(Cc(c(Cl)ccc1)c1Cl)N(CCC1)C1C([Hg])=O,O=C(Cc(c(Cl)ccc1)c1Cl)N(CC1)CCC1C([Hg])=O,CN(CC1)CC(C([Hg])=O)N1C(Cc(c(Cl)ccc1)c1Cl)=O,O=C(Cc(c(Cl)ccc1)c1Cl)N(CC([Hg])=O)c1ccc[o]1,O=C(Cc(c(Cl)ccc1)c1Cl)Nc(cc1)ccc1C([Hg])=O,O=C(Cc(c(Cl)ccc1)c1Cl)NC(Cc1ccccc1)C([Hg])=O,O=C(Cc(c(Cl)ccc1)c1Cl)NCc1cccc(CC([Hg])=O)c1
O=C(Cc(ccc(Cl)c1)c1Cl)[Hg],CC(C([Hg])=O)NC(Cc(ccc(Cl)c1)c1Cl)=O,CCN(CCC([Hg])=O)C(Cc(ccc(Cl)c1)c1Cl)=O,O=C(Cc(ccc(Cl)c1)c1Cl)NC1(COC1)C([Hg])=O,O=C(Cc(ccc(Cl)c1)c1Cl)N(CCC1)C1C([Hg])=O,O=C(Cc(ccc(Cl)c1)c1Cl)N(CC1)CCC1C([Hg])=O,CN(CC1)CC(C([Hg])=O)N1C(Cc(ccc(Cl)c1)c1Cl)=O,O=C(Cc(ccc(Cl)c1)c1Cl)N(CC([Hg])=O)c1ccc[o]1,O=C(Cc(ccc(Cl)c1)c1Cl)Nc(cc1)ccc1C([Hg])=O,O=C(Cc(ccc(Cl)c1)c1Cl)NC(Cc1ccccc1)C([Hg])=O,O=C(Cc(ccc(Cl)c1)c1Cl)NCc1cccc(CC([Hg])=O)c1
O=C(CCc1cc(Cl)ccc1)[Hg],CC(C([Hg])=O)NC(CCc1cc(Cl)ccc1)=O,CCN(CCC([Hg])=O)C(CCc1cc(Cl)ccc1)=O,O=C(CCc1cc(Cl)ccc1)NC1(COC1)C([Hg])=O,O=C(CCc1cc(Cl)ccc1)N(CCC1)C1C([Hg])=O,O=C(CCc1cc(Cl)ccc1)N(CC1)CCC1C([Hg])=O,CN(CC1)CC(C([Hg])=O)N1C(CCc1cc(Cl)ccc1)=O,O=C(CCc1cc(Cl)ccc1)N(CC([Hg])=O)c1ccc[o]1,O=C(CCc1cc(Cl)ccc1)Nc(cc1)ccc1C([Hg])=O,O=C(CCc1cc(Cl)ccc1)NC(Cc1ccccc1)C([Hg])=O,O=C(CCc1cc(Cl)ccc1)NCc1cccc(CC([Hg])=O)c1
O=C(CCc(cc1)ccc1Cl)[Hg],CC(C([Hg])=O)NC(CCc(cc1)ccc1Cl)=O,CCN(CCC([Hg])=O)C(CCc(cc1)ccc1Cl)=O,O=C(CCc(cc1)ccc1Cl)NC1(COC1)C([Hg])=O,O=C(CCc(cc1)ccc1Cl)N(CCC1)C1C([Hg])=O,O=C(CCc(cc1)ccc1Cl)N(CC1)CCC1C([Hg])=O,CN(CC1)CC(C([Hg])=O)N1C(CCc(cc1)ccc1Cl)=O,O=C(CCc(cc1)ccc1Cl)N(CC([Hg])=O)c1ccc[o]1,O=C(CCc(cc1)ccc1Cl)Nc(cc1)ccc1C([Hg])=O,O=C(CCc(cc1)ccc1Cl)NC(Cc1ccccc1)C([Hg])=O,O=C(CCc(cc1)ccc1Cl)NCc1cccc(CC([Hg])=O)c1
O=C(CCc(cc1)cc(Cl)c1Cl)[Hg],CC(C([Hg])=O)NC(CCc(cc1)cc(Cl)c1Cl)=O,CCN(CCC([Hg])=O)C(CCc(cc1)cc(Cl)c1Cl)=O,O=C(CCc(cc1)cc(Cl)c1Cl)NC1(COC1)C([Hg])=O,O=C(CCc(cc1)cc(Cl)c1Cl)N(CCC1)C1C([Hg])=O,O=C(CCc(cc1)cc(Cl)c1Cl)N(CC1)CCC1C([Hg])=O,CN(CC1)CC(C([Hg])=O)N1C(CCc(cc1)cc(Cl)c1Cl)=O,O=C(CCc(cc1)cc(Cl)c1Cl)N(CC([Hg])=O)c1ccc[o]1,O=C(CCc(cc1)cc(Cl)c1Cl)Nc(cc1)ccc1C([Hg])=O,O=C(CCc(cc1)cc(Cl)c1Cl)NC(Cc1ccccc1)C([Hg])=O,O=C(CCc(cc1)cc(Cl)c1Cl)NCc1cccc(CC([Hg])=O)c1
O=C(CCC([Hg])=O)c(cc1)ccc1Cl,CC(C([Hg])=O)NC(CCC(c(cc1)ccc1Cl)=O)=O,CCN(CCC([Hg])=O)C(CCC(c(cc1)ccc1Cl)=O)=O,O=C(CCC(NC1(COC1)C([Hg])=O)=O)c(cc1)ccc1Cl,O=C(CCC(N(CCC1)C1C([Hg])=O)=O)c(cc1)ccc1Cl,O=C(CCC(N(CC1)CCC1C([Hg])=O)=O)c(cc1)ccc1Cl,CN(CC1)CC(C([Hg])=O)N1C(CCC(c(cc1)ccc1Cl)=O)=O,O=C(CCC(N(CC([Hg])=O)c1ccc[o]1)=O)c(cc1)ccc1Cl,O=C(CCC(Nc(cc1)ccc1C([Hg])=O)=O)c(cc1)ccc1Cl,O=C(CCC(NC(Cc1ccccc1)C([Hg])=O)=O)c(cc1)ccc1Cl,O=C(CCC(NCc1cccc(CC([Hg])=O)c1)=O)c(cc1)ccc1Cl
Cc(cc(cc1)Cl)c1OCC([Hg])=O,CC(C([Hg])=O)NC(COc(cc1)c(C)cc1Cl)=O,CCN(CCC([Hg])=O)C(COc(cc1)c(C)cc1Cl)=O,Cc(cc(cc1)Cl)c1OCC(NC1(COC1)C([Hg])=O)=O,Cc(cc(cc1)Cl)c1OCC(N(CCC1)C1C([Hg])=O)=O,Cc(cc(cc1)Cl)c1OCC(N(CC1)CCC1C([Hg])=O)=O,Cc(cc(cc1)Cl)c1OCC(N(CCN(C)C1)C1C([Hg])=O)=O,Cc(cc(cc1)Cl)c1OCC(N(CC([Hg])=O)c1ccc[o]1)=O,Cc(cc(cc1)Cl)c1OCC(Nc(cc1)ccc1C([Hg])=O)=O,Cc(cc(cc1)Cl)c1OCC(NC(Cc1ccccc1)C([Hg])=O)=O,Cc(cc(cc1)Cl)c1OCC(NCc1cccc(CC([Hg])=O)c1)=O
O=C(COc(cc1)ccc1Cl)[Hg],CC(C([Hg])=O)NC(COc(cc1)ccc1Cl)=O,CCN(CCC([Hg])=O)C(COc(cc1)ccc1Cl)=O,O=C(COc(cc1)ccc1Cl)NC1(COC1)C([Hg])=O,O=C(COc(cc1)ccc1Cl)N(CCC1)C1C([Hg])=O,O=C(COc(cc1)ccc1Cl)N(CC1)CCC1C([Hg])=O,CN(CC1)CC(C([Hg])=O)N1C(COc(cc1)ccc1Cl)=O,O=C(COc(cc1)ccc1Cl)N(CC([Hg])=O)c1ccc[o]1,O=C(COc(cc1)ccc1Cl)Nc(cc1)ccc1C([Hg])=O,O=C(COc(cc1)ccc1Cl)NC(Cc1ccccc1)C([Hg])=O,O=C(COc(cc1)ccc1Cl)NCc1cccc(CC([Hg])=O)c1
O=C(CC1C=CCC1)[Hg],CC(C([Hg])=O)NC(CC1C=CCC1)=O,CCN(CCC([Hg])=O)C(CC1C=CCC1)=O,O=C(CC1C=CCC1)NC1(COC1)C([Hg])=O,O=C(CC1C=CCC1)N(CCC1)C1C([Hg])=O,O=C(CC1C=CCC1)N(CC1)CCC1C([Hg])=O,CN(CC1)CC(C([Hg])=O)N1C(CC1C=CCC1)=O,O=C(CC1C=CCC1)N(CC([Hg])=O)c1ccc[o]1,O=C(CC1C=CCC1)Nc(cc1)ccc1C([Hg])=O,O=C(CC1C=CCC1)NC(Cc1ccccc1)C([Hg])=O,O=C(CC1C=CCC1)NCc1cccc(CC([Hg])=O)c1
O=C(CCN1c(cc(cc2)Cl)c2OCC1=O)[Hg],CC(C([Hg])=O)NC(CCN1c(cc(cc2)Cl)c2OCC1=O)=O,CCN(CCC([Hg])=O)C(CCN1c(cc(cc2)Cl)c2OCC1=O)=O,O=C(CCN1c(cc(cc2)Cl)c2OCC1=O)NC1(COC1)C([Hg])=O,O=C(CCN1c(cc(cc2)Cl)c2OCC1=O)N(CCC1)C1C([Hg])=O,O=C(CCN1c(cc(cc2)Cl)c2OCC1=O)N(CC1)CCC1C([Hg])=O,CN(CC1)CC(C([Hg])=O)N1C(CCN1c(cc(cc2)Cl)c2OCC1=O)=O,O=C(CCN1c(cc(cc2)Cl)c2OCC1=O)N(CC([Hg])=O)c1ccc[o]1,O=C(CCN1c(cc(cc2)Cl)c2OCC1=O)Nc(cc1)ccc1C([Hg])=O,O=C(CCN1c(cc(cc2)Cl)c2OCC1=O)NC(Cc1ccccc1)C([Hg])=O,O=C(CCN1c(cc(cc2)Cl)c2OCC1=O)NCc1cccc(CC([Hg])=O)c1
O=C(CCN1c(cccc2)c2OCC1=O)[Hg],CC(C([Hg])=O)NC(CCN1c(cccc2)c2OCC1=O)=O,CCN(CCC([Hg])=O)C(CCN1c(cccc2)c2OCC1=O)=O,O=C(CCN1c(cccc2)c2OCC1=O)NC1(COC1)C([Hg])=O,O=C(CCN1c(cccc2)c2OCC1=O)N(CCC1)C1C([Hg])=O,O=C(CCN1c(cccc2)c2OCC1=O)N(CC1)CCC1C([Hg])=O,CN(CC1)CC(C([Hg])=O)N1C(CCN1c(cccc2)c2OCC1=O)=O,O=C(CCN1c(cccc2)c2OCC1=O)N(CC([Hg])=O)c1ccc[o]1,O=C(CCN1c(cccc2)c2OCC1=O)Nc(cc1)ccc1C([Hg])=O,O=C(CCN1c(cccc2)c2OCC1=O)NC(Cc1ccccc1)C([Hg])=O,O=C(CCN1c(cccc2)c2OCC1=O)NCc1cccc(CC([Hg])=O)c1
C#CCCC([Hg])=O,CC(C([Hg])=O)NC(CCC#C)=O,CCN(CCC([Hg])=O)C(CCC#C)=O,C#CCCC(NC1(COC1)C([Hg])=O)=O,C#CCCC(N(CCC1)C1C([Hg])=O)=O,C#CCCC(N(CC1)CCC1C([Hg])=O)=O,CN(CC1)CC(C([Hg])=O)N1C(CCC#C)=O,C#CCCC(N(CC([Hg])=O)c1ccc[o]1)=O,C#CCCC(Nc(cc1)ccc1C([Hg])=O)=O,C#CCCC(NC(Cc1ccccc1)C([Hg])=O)=O,C#CCCC(NCc1cccc(CC([Hg])=O)c1)=O
O=C(Cc(ccc(Cl)c1)c1F)[Hg],CC(C([Hg])=O)NC(Cc(ccc(Cl)c1)c1F)=O,CCN(CCC([Hg])=O)C(Cc(ccc(Cl)c1)c1F)=O,O=C(Cc(ccc(Cl)c1)c1F)NC1(COC1)C([Hg])=O,O=C(Cc(ccc(Cl)c1)c1F)N(CCC1)C1C([Hg])=O,O=C(Cc(ccc(Cl)c1)c1F)N(CC1)CCC1C([Hg])=O,CN(CC1)CC(C([Hg])=O)N1C(Cc(ccc(Cl)c1)c1F)=O,O=C(Cc(ccc(Cl)c1)c1F)N(CC([Hg])=O)c1ccc[o]1,O=C(Cc(ccc(Cl)c1)c1F)Nc(cc1)ccc1C([Hg])=O,O=C(Cc(ccc(Cl)c1)c1F)NC(Cc1ccccc1)C([Hg])=O,O=C(Cc(ccc(Cl)c1)c1F)NCc1cccc(CC([Hg])=O)c1
O=C(CCN(C=Nc1c2cccc1)C2=O)[Hg],CC(C([Hg])=O)NC(CCN(C=Nc1c2cccc1)C2=O)=O,CCN(CCC([Hg])=O)C(CCN(C=Nc1c2cccc1)C2=O)=O,O=C(CCN(C=Nc1c2cccc1)C2=O)NC1(COC1)C([Hg])=O,O=C(CCN(C=Nc1c2cccc1)C2=O)N(CCC1)C1C([Hg])=O,O=C(CCN(C=Nc1c2cccc1)C2=O)N(CC1)CCC1C([Hg])=O,CN(CC1)CC(C([Hg])=O)N1C(CCN(C=Nc1c2cccc1)C2=O)=O,O=C(CCN(C=Nc1c2cccc1)C2=O)N(CC([Hg])=O)c1ccc[o]1,O=C(CCN(C=Nc1c2cccc1)C2=O)Nc(cc1)ccc1C([Hg])=O,O=C(CCN(C=Nc1c2cccc1)C2=O)NC(Cc1ccccc1)C([Hg])=O,O=C(CCN(C=Nc1c2cccc1)C2=O)NCc1cccc(CC([Hg])=O)c1
Cc1nc(cccc2)c2[n]1CCC([Hg])=O,CC(C([Hg])=O)NC(CC[n]1c(cccc2)c2nc1C)=O,CCN(CCC([Hg])=O)C(CC[n]1c(cccc2)c2nc1C)=O,Cc1nc(cccc2)c2[n]1CCC(NC1(COC1)C([Hg])=O)=O,Cc1nc(cccc2)c2[n]1CCC(N(CCC1)C1C([Hg])=O)=O,Cc1nc(cccc2)c2[n]1CCC(N(CC1)CCC1C([Hg])=O)=O,Cc1nc(cccc2)c2[n]1CCC(N(CCN(C)C1)C1C([Hg])=O)=O,Cc1nc(cccc2)c2[n]1CCC(N(CC([Hg])=O)c1ccc[o]1)=O,Cc1nc(cccc2)c2[n]1CCC(Nc(cc1)ccc1C([Hg])=O)=O,Cc1nc(cccc2)c2[n]1CCC(NC(Cc1ccccc1)C([Hg])=O)=O,Cc1nc(cccc2)c2[n]1CCC(NCc1cccc(CC([Hg])=O)c1)=O
O=C(Cc1c(C(F)(F)F)cccc1)[Hg],CC(C([Hg])=O)NC(Cc1c(C(F)(F)F)cccc1)=O,CCN(CCC([Hg])=O)C(Cc1c(C(F)(F)F)cccc1)=O,O=C(Cc1c(C(F)(F)F)cccc1)NC1(COC1)C([Hg])=O,O=C(Cc1c(C(F)(F)F)cccc1)N(CCC1)C1C([Hg])=O,O=C(Cc1c(C(F)(F)F)cccc1)N(CC1)CCC1C([Hg])=O,CN(CC1)CC(C([Hg])=O)N1C(Cc1c(C(F)(F)F)cccc1)=O,O=C(Cc1c(C(F)(F)F)cccc1)N(CC([Hg])=O)c1ccc[o]1,O=C(Cc1c(C(F)(F)F)cccc1)Nc(cc1)ccc1C([Hg])=O,O=C(Cc1c(C(F)(F)F)cccc1)NC(Cc1ccccc1)C([Hg])=O,O=C(Cc1c(C(F)(F)F)cccc1)NCc1cccc(CC([Hg])=O)c1
O=C(CCc1nc(-c2cnccc2)n[o]1)[Hg],CC(C([Hg])=O)NC(CCc1nc(-c2cnccc2)n[o]1)=O,CCN(CCC([Hg])=O)C(CCc1nc(-c2cnccc2)n[o]1)=O,O=C(CCc1nc(-c2cnccc2)n[o]1)NC1(COC1)C([Hg])=O,O=C(CCc1nc(-c2cnccc2)n[o]1)N(CCC1)C1C([Hg])=O,O=C(CCc1nc(-c2cnccc2)n[o]1)N(CC1)CCC1C([Hg])=O,CN(CC1)CC(C([Hg])=O)N1C(CCc1nc(-c2cnccc2)n[o]1)=O,O=C(CCc1nc(-c2cnccc2)n[o]1)N(CC([Hg])=O)c1ccc[o]1,O=C(CCc1nc(-c2cnccc2)n[o]1)Nc(cc1)ccc1C([Hg])=O,O=C(CCc1nc(-c2cnccc2)n[o]1)NC(Cc1ccccc1)C([Hg])=O,O=C(CCc1nc(-c2cnccc2)n[o]1)NCc1cccc(CC([Hg])=O)c1
Cc1nnn[n]1-c1ccc(CC([Hg])=O)cc1,CC(C([Hg])=O)NC(Cc(cc1)ccc1-[n]1nnnc1C)=O,CCN(CCC([Hg])=O)C(Cc(cc1)ccc1-[n]1nnnc1C)=O,Cc1nnn[n]1-c1ccc(CC(NC2(COC2)C([Hg])=O)=O)cc1,Cc1nnn[n]1-c1ccc(CC(N(CCC2)C2C([Hg])=O)=O)cc1,Cc1nnn[n]1-c1ccc(CC(N(CC2)CCC2C([Hg])=O)=O)cc1,Cc1nnn[n]1-c1ccc(CC(N(CCN(C)C2)C2C([Hg])=O)=O)cc1,Cc1nnn[n]1-c1ccc(CC(N(CC([Hg])=O)c2ccc[o]2)=O)cc1,Cc1nnn[n]1-c1ccc(CC(Nc(cc2)ccc2C([Hg])=O)=O)cc1,Cc1nnn[n]1-c1ccc(CC(NC(Cc2ccccc2)C([Hg])=O)=O)cc1,Cc1nnn[n]1-c1ccc(CC(NCc2cccc(CC([Hg])=O)c2)=O)cc1
CC(c1c(C)[n](CCC([Hg])=O)nc1C)=O,CC(C([Hg])=O)NC(CC[n]1nc(C)c(C(C)=O)c1C)=O,CCN(CCC([Hg])=O)C(CC[n]1nc(C)c(C(C)=O)c1C)=O,CC(c1c(C)[n](CCC(NC2(COC2)C([Hg])=O)=O)nc1C)=O,CC(c1c(C)[n](CCC(N(CCC2)C2C([Hg])=O)=O)nc1C)=O,CC(c1c(C)[n](CCC(N(CC2)CCC2C([Hg])=O)=O)nc1C)=O,CC(c1c(C)[n](CCC(N(CCN(C)C2)C2C([Hg])=O)=O)nc1C)=O,CC(c1c(C)[n](CCC(N(CC([Hg])=O)c2ccc[o]2)=O)nc1C)=O,CC(c1c(C)[n](CCC(Nc(cc2)ccc2C([Hg])=O)=O)nc1C)=O,CC(c1c(C)[n](CCC(NC(Cc2ccccc2)C([Hg])=O)=O)nc1C)=O,CC(c1c(C)[n](CCC(NCc2cccc(CC([Hg])=O)c2)=O)nc1C)=O
Cc1c(C)[n](CCC([Hg])=O)nc1C,CC(C([Hg])=O)NC(CC[n]1nc(C)c(C)c1C)=O,CCN(CCC([Hg])=O)C(CC[n]1nc(C)c(C)c1C)=O,Cc1c(C)[n](CCC(NC2(COC2)C([Hg])=O)=O)nc1C,Cc1c(C)[n](CCC(N(CCC2)C2C([Hg])=O)=O)nc1C,Cc1c(C)[n](CCC(N(CC2)CCC2C([Hg])=O)=O)nc1C,Cc1c(C)[n](CCC(N(CCN(C)C2)C2C([Hg])=O)=O)nc1C,Cc1c(C)[n](CCC(N(CC([Hg])=O)c2ccc[o]2)=O)nc1C,Cc1c(C)[n](CCC(Nc(cc2)ccc2C([Hg])=O)=O)nc1C,Cc1c(C)[n](CCC(NC(Cc2ccccc2)C([Hg])=O)=O)nc1C,Cc1c(C)[n](CCC(NCc2cccc(CC([Hg])=O)c2)=O)nc1C
Cc1cc(NC(C2CC([Hg])=O)=O)c2cc1,CC(C([Hg])=O)NC(CC(c(ccc(C)c1)c1N1)C1=O)=O,CCN(CCC([Hg])=O)C(CC(c(ccc(C)c1)c1N1)C1=O)=O,Cc1cc(NC(C2CC(NC3(COC3)C([Hg])=O)=O)=O)c2cc1,Cc1cc(NC(C2CC(N(CCC3)C3C([Hg])=O)=O)=O)c2cc1,Cc1cc(NC(C2CC(N(CC3)CCC3C([Hg])=O)=O)=O)c2cc1,Cc1cc(NC(C2CC(N(CCN(C)C3)C3C([Hg])=O)=O)=O)c2cc1,Cc1cc(NC(C2CC(N(CC([Hg])=O)c3ccc[o]3)=O)=O)c2cc1,Cc1cc(NC(C2CC(Nc(cc3)ccc3C([Hg])=O)=O)=O)c2cc1,Cc1cc(NC(C2CC(NC(Cc3ccccc3)C([Hg])=O)=O)=O)c2cc1,Cc1cc(NC(C2CC(NCc3cccc(CC([Hg])=O)c3)=O)=O)c2cc1
Cc([n](CC([Hg])=O)nc1[N+]([O-])=O)c1Cl,CC(C([Hg])=O)NC(C[n](c(C)c1Cl)nc1[N+]([O-])=O)=O,CCN(CCC([Hg])=O)C(C[n](c(C)c1Cl)nc1[N+]([O-])=O)=O,Cc([n](CC(NC1(COC1)C([Hg])=O)=O)nc1[N+]([O-])=O)c1Cl,Cc([n](CC(N(CCC1)C1C([Hg])=O)=O)nc1[N+]([O-])=O)c1Cl,Cc([n](CC(N(CC1)CCC1C([Hg])=O)=O)nc1[N+]([O-])=O)c1Cl,Cc([n](CC(N(CCN(C)C1)C1C([Hg])=O)=O)nc1[N+]([O-])=O)c1Cl,Cc([n](CC(N(CC([Hg])=O)c1ccc[o]1)=O)nc1[N+]([O-])=O)c1Cl,Cc([n](CC(Nc(cc1)ccc1C([Hg])=O)=O)nc1[N+]([O-])=O)c1Cl,Cc([n](CC(NC(Cc1ccccc1)C([Hg])=O)=O)nc1[N+]([O-])=O)c1Cl,Cc([n](CC(NCc1cccc(CC([Hg])=O)c1)=O)nc1[N+]([O-])=O)c1Cl
O=C(COc(cc1)cc(O2)c1C(CCCC1)=C1C2=O)[Hg],CC(C([Hg])=O)NC(COc(cc1)cc(O2)c1C(CCCC1)=C1C2=O)=O,CCN(CCC([Hg])=O)C(COc(cc1)cc(O2)c1C(CCCC1)=C1C2=O)=O,O=C(COc(cc1)cc(O2)c1C(CCCC1)=C1C2=O)NC1(COC1)C([Hg])=O,O=C(COc(cc1)cc(O2)c1C(CCCC1)=C1C2=O)N(CCC1)C1C([Hg])=O,O=C(COc(cc1)cc(O2)c1C(CCCC1)=C1C2=O)N(CC1)CCC1C([Hg])=O,CN(CC1)CC(C([Hg])=O)N1C(COc(cc1)cc(O2)c1C(CCCC1)=C1C2=O)=O,O=C(COc(cc1)cc(O2)c1C(CCCC1)=C1C2=O)N(CC([Hg])=O)c1ccc[o]1,O=C(COc(cc1)cc(O2)c1C(CCCC1)=C1C2=O)Nc(cc1)ccc1C([Hg])=O,O=C(COc(cc1)cc(O2)c1C(CCCC1)=C1C2=O)NC(Cc1ccccc1)C([Hg])=O,O=C(COc(cc1)cc(O2)c1C(CCCC1)=C1C2=O)NCc1cccc(CC([Hg])=O)c1
O=C(CCc1ccc(-c2ccc[s]2)[o]1)[Hg],CC(C([Hg])=O)NC(CCc1ccc(-c2ccc[s]2)[o]1)=O,CCN(CCC([Hg])=O)C(CCc1ccc(-c2ccc[s]2)[o]1)=O,O=C(CCc1ccc(-c2ccc[s]2)[o]1)NC1(COC1)C([Hg])=O,O=C(CCc1ccc(-c2ccc[s]2)[o]1)N(CCC1)C1C([Hg])=O,O=C(CCc1ccc(-c2ccc[s]2)[o]1)N(CC1)CCC1C([Hg])=O,CN(CC1)CC(C([Hg])=O)N1C(CCc1ccc(-c2ccc[s]2)[o]1)=O,O=C(CCc1ccc(-c2ccc[s]2)[o]1)N(CC([Hg])=O)c1ccc[o]1,O=C(CCc1ccc(-c2ccc[s]2)[o]1)Nc(cc1)ccc1C([Hg])=O,O=C(CCc1ccc(-c2ccc[s]2)[o]1)NC(Cc1ccccc1)C([Hg])=O,O=C(CCc1ccc(-c2ccc[s]2)[o]1)NCc1cccc(CC([Hg])=O)c1
CCC(c(c(O1)cc(C)c2)c2OCC([Hg])=O)=CC1=O,CCC(c(c(O1)cc(C)c2)c2OCC(NC(C)C([Hg])=O)=O)=CC1=O,CCC(c(c(O1)cc(C)c2)c2OCC(N(CC)CCC([Hg])=O)=O)=CC1=O,CCC(c(c(O1)cc(C)c2)c2OCC(NC2(COC2)C([Hg])=O)=O)=CC1=O,CCC(c(c(O1)cc(C)c2)c2OCC(N(CCC2)C2C([Hg])=O)=O)=CC1=O,CCC(c(c(O1)cc(C)c2)c2OCC(N(CC2)CCC2C([Hg])=O)=O)=CC1=O,CCC(c(c(O1)cc(C)c2)c2OCC(N(CCN(C)C2)C2C([Hg])=O)=O)=CC1=O,CCC(c(c(O1)cc(C)c2)c2OCC(N(CC([Hg])=O)c2ccc[o]2)=O)=CC1=O,CCC(c(c(O1)cc(C)c2)c2OCC(Nc(cc2)ccc2C([Hg])=O)=O)=CC1=O,CCC(c(c(O1)cc(C)c2)c2OCC(NC(Cc2ccccc2)C([Hg])=O)=O)=CC1=O,CCC(c(c(O1)cc(C)c2)c2OCC(NCc2cccc(CC([Hg])=O)c2)=O)=CC1=O
O=C(CCC([Hg])=O)NC1CCCCCC1,CC(C([Hg])=O)NC(CCC(NC1CCCCCC1)=O)=O,CCN(CCC([Hg])=O)C(CCC(NC1CCCCCC1)=O)=O,O=C(CCC(NC1(COC1)C([Hg])=O)=O)NC1CCCCCC1,O=C(CCC(N(CCC1)C1C([Hg])=O)=O)NC1CCCCCC1,O=C(CCC(N(CC1)CCC1C([Hg])=O)=O)NC1CCCCCC1,CN(CC1)CC(C([Hg])=O)N1C(CCC(NC1CCCCCC1)=O)=O,O=C(CCC(N(CC([Hg])=O)c1ccc[o]1)=O)NC1CCCCCC1,O=C(CCC(Nc(cc1)ccc1C([Hg])=O)=O)NC1CCCCCC1,O=C(CCC(NC1CCCCCC1)=O)NC(Cc1ccccc1)C([Hg])=O,O=C(CCC(NC1CCCCCC1)=O)NCc1cccc(CC([Hg])=O)c1
CN(C1CCCCC1)C(CCC([Hg])=O)=O,CC(C([Hg])=O)NC(CCC(N(C)C1CCCCC1)=O)=O,CCN(CCC([Hg])=O)C(CCC(N(C)C1CCCCC1)=O)=O,CN(C1CCCCC1)C(CCC(NC1(COC1)C([Hg])=O)=O)=O,CN(C1CCCCC1)C(CCC(N(CCC1)C1C([Hg])=O)=O)=O,CN(C1CCCCC1)C(CCC(N(CC1)CCC1C([Hg])=O)=O)=O,CN(C1CCCCC1)C(CCC(N(CCN(C)C1)C1C([Hg])=O)=O)=O,CN(C1CCCCC1)C(CCC(N(CC([Hg])=O)c1ccc[o]1)=O)=O,CN(C1CCCCC1)C(CCC(Nc(cc1)ccc1C([Hg])=O)=O)=O,CN(C1CCCCC1)C(CCC(NC(Cc1ccccc1)C([Hg])=O)=O)=O,CN(C1CCCCC1)C(CCC(NCc1cccc(CC([Hg])=O)c1)=O)=O
COc(cccc1)c1-c1n[o]c(CCCC([Hg])=O)n1,CC(C([Hg])=O)NC(CCCc1nc(-c(cccc2)c2OC)n[o]1)=O,CCN(CCC([Hg])=O)C(CCCc1nc(-c(cccc2)c2OC)n[o]1)=O,COc(cccc1)c1-c1n[o]c(CCCC(NC2(COC2)C([Hg])=O)=O)n1,COc(cccc1)c1-c1n[o]c(CCCC(N(CCC2)C2C([Hg])=O)=O)n1,COc(cccc1)c1-c1n[o]c(CCCC(N(CC2)CCC2C([Hg])=O)=O)n1,CN(CC1)CC(C([Hg])=O)N1C(CCCc1nc(-c(cccc2)c2OC)n[o]1)=O,COc(cccc1)c1-c1n[o]c(CCCC(N(CC([Hg])=O)c2ccc[o]2)=O)n1,COc(cccc1)c1-c1n[o]c(CCCC(Nc(cc2)ccc2C([Hg])=O)=O)n1,COc(cccc1)c1-c1n[o]c(CCCC(NC(Cc2ccccc2)C([Hg])=O)=O)n1,COc(cccc1)c1-c1n[o]c(CCCC(NCc2cccc(CC([Hg])=O)c2)=O)n1
COc(cccc1)c1-c1n[o]c(CCC([Hg])=O)n1,CC(C([Hg])=O)NC(CCc1nc(-c(cccc2)c2OC)n[o]1)=O,CCN(CCC([Hg])=O)C(CCc1nc(-c(cccc2)c2OC)n[o]1)=O,COc(cccc1)c1-c1n[o]c(CCC(NC2(COC2)C([Hg])=O)=O)n1,COc(cccc1)c1-c1n[o]c(CCC(N(CCC2)C2C([Hg])=O)=O)n1,COc(cccc1)c1-c1n[o]c(CCC(N(CC2)CCC2C([Hg])=O)=O)n1,CN(CC1)CC(C([Hg])=O)N1C(CCc1nc(-c(cccc2)c2OC)n[o]1)=O,COc(cccc1)c1-c1n[o]c(CCC(N(CC([Hg])=O)c2ccc[o]2)=O)n1,COc(cccc1)c1-c1n[o]c(CCC(Nc(cc2)ccc2C([Hg])=O)=O)n1,COc(cccc1)c1-c1n[o]c(CCC(NC(Cc2ccccc2)C([Hg])=O)=O)n1,COc(cccc1)c1-c1n[o]c(CCC(NCc2cccc(CC([Hg])=O)c2)=O)n1
O=C(CCc1nc(-c2ccc[o]2)n[o]1)[Hg],CC(C([Hg])=O)NC(CCc1nc(-c2ccc[o]2)n[o]1)=O,CCN(CCC([Hg])=O)C(CCc1nc(-c2ccc[o]2)n[o]1)=O,O=C(CCc1nc(-c2ccc[o]2)n[o]1)NC1(COC1)C([Hg])=O,O=C(CCc1nc(-c2ccc[o]2)n[o]1)N(CCC1)C1C([Hg])=O,O=C(CCc1nc(-c2ccc[o]2)n[o]1)N(CC1)CCC1C([Hg])=O,CN(CC1)CC(C([Hg])=O)N1C(CCc1nc(-c2ccc[o]2)n[o]1)=O,O=C(CCc1nc(-c2ccc[o]2)n[o]1)N(CC([Hg])=O)c1ccc[o]1,O=C(CCc1nc(-c2ccc[o]2)n[o]1)Nc(cc1)ccc1C([Hg])=O,O=C(CCc1nc(-c2ccc[o]2)n[o]1)NC(Cc1ccccc1)C([Hg])=O,O=C(CCc1nc(-c2ccc[o]2)n[o]1)NCc1cccc(CC([Hg])=O)c1
Cc(cccc1)c1-c1n[o]c(CCC([Hg])=O)n1,CC(C([Hg])=O)NC(CCc1nc(-c2c(C)cccc2)n[o]1)=O,CCN(CCC([Hg])=O)C(CCc1nc(-c2c(C)cccc2)n[o]1)=O,Cc(cccc1)c1-c1n[o]c(CCC(NC2(COC2)C([Hg])=O)=O)n1,Cc(cccc1)c1-c1n[o]c(CCC(N(CCC2)C2C([Hg])=O)=O)n1,Cc(cccc1)c1-c1n[o]c(CCC(N(CC2)CCC2C([Hg])=O)=O)n1,Cc(cccc1)c1-c1n[o]c(CCC(N(CCN(C)C2)C2C([Hg])=O)=O)n1,Cc(cccc1)c1-c1n[o]c(CCC(N(CC([Hg])=O)c2ccc[o]2)=O)n1,Cc(cccc1)c1-c1n[o]c(CCC(Nc(cc2)ccc2C([Hg])=O)=O)n1,Cc(cccc1)c1-c1n[o]c(CCC(NC(Cc2ccccc2)C([Hg])=O)=O)n1,Cc(cccc1)c1-c1n[o]c(CCC(NCc2cccc(CC([Hg])=O)c2)=O)n1
O=C(c1cc(cccc2)c2nc1)[Hg],CC(C([Hg])=O)NC(c1cc(cccc2)c2nc1)=O,CCN(CCC([Hg])=O)C(c1cc(cccc2)c2nc1)=O,O=C(C1(COC1)NC(c1cc(cccc2)c2nc1)=O)[Hg],O=C(C(CCC1)N1C(c1cc(cccc2)c2nc1)=O)[Hg],O=C(C(CC1)CCN1C(c1cc(cccc2)c2nc1)=O)[Hg],CN(CC1)CC(C([Hg])=O)N1C(c1cc(cccc2)c2nc1)=O,O=C(CN(C(c1cc(cccc2)c2nc1)=O)c1ccc[o]1)[Hg],O=C(c1cc(cccc2)c2nc1)Nc(cc1)ccc1C([Hg])=O,O=C(C(Cc1ccccc1)NC(c1cc(cccc2)c2nc1)=O)[Hg],O=C(Cc1cc(CNC(c2cc(cccc3)c3nc2)=O)ccc1)[Hg]
COc1cc(C([Hg])=O)nc2c1cccc2,CC(C([Hg])=O)NC(c1nc(cccc2)c2c(OC)c1)=O,CCN(CCC([Hg])=O)C(c1nc(cccc2)c2c(OC)c1)=O,COc1cc(C(NC2(COC2)C([Hg])=O)=O)nc2c1cccc2,COc1cc(C(N(CCC2)C2C([Hg])=O)=O)nc2c1cccc2,COc1cc(C(N(CC2)CCC2C([Hg])=O)=O)nc2c1cccc2,CN(CC1)CC(C([Hg])=O)N1C(c1nc(cccc2)c2c(OC)c1)=O,COc1cc(C(N(CC([Hg])=O)c2ccc[o]2)=O)nc2c1cccc2,COc1cc(C(Nc(cc2)ccc2C([Hg])=O)=O)nc2c1cccc2,COc1cc(C(NC(Cc2ccccc2)C([Hg])=O)=O)nc2c1cccc2,COc1cc(C(NCc2cccc(CC([Hg])=O)c2)=O)nc2c1cccc2
O=C(c1nc(cccc2)c2cc1)[Hg],CC(C([Hg])=O)NC(c1nc(cccc2)c2cc1)=O,CCN(CCC([Hg])=O)C(c1nc(cccc2)c2cc1)=O,O=C(C1(COC1)NC(c1nc(cccc2)c2cc1)=O)[Hg],O=C(C(CCC1)N1C(c1nc(cccc2)c2cc1)=O)[Hg],O=C(C(CC1)CCN1C(c1nc(cccc2)c2cc1)=O)[Hg],CN(CC1)CC(C([Hg])=O)N1C(c1nc(cccc2)c2cc1)=O,O=C(CN(C(c1nc(cccc2)c2cc1)=O)c1ccc[o]1)[Hg],O=C(c1nc(cccc2)c2cc1)Nc(cc1)ccc1C([Hg])=O,O=C(C(Cc1ccccc1)NC(c1nc(cccc2)c2cc1)=O)[Hg],O=C(Cc1cc(CNC(c2nc(cccc3)c3cc2)=O)ccc1)[Hg]
O=C(c(cc1)cc2c1nccc2)[Hg],CC(C([Hg])=O)NC(c(cc1)cc2c1nccc2)=O,CCN(CCC([Hg])=O)C(c(cc1)cc2c1nccc2)=O,O=C(C1(COC1)NC(c(cc1)cc2c1nccc2)=O)[Hg],O=C(C(CCC1)N1C(c(cc1)cc2c1nccc2)=O)[Hg],O=C(C(CC1)CCN1C(c(cc1)cc2c1nccc2)=O)[Hg],CN(CC1)CC(C([Hg])=O)N1C(c(cc1)cc2c1nccc2)=O,O=C(CN(C(c(cc1)cc2c1nccc2)=O)c1ccc[o]1)[Hg],O=C(c(cc1)cc2c1nccc2)Nc(cc1)ccc1C([Hg])=O,O=C(C(Cc1ccccc1)NC(c(cc1)cc2c1nccc2)=O)[Hg],O=C(Cc1cc(CNC(c(cc2)cc3c2nccc3)=O)ccc1)[Hg]
Cc(cc1)nc(cc2)c1cc2C([Hg])=O,CC(C([Hg])=O)NC(c(cc1)cc2c1nc(C)cc2)=O,CCN(CCC([Hg])=O)C(c(cc1)cc2c1nc(C)cc2)=O,Cc(cc1)nc(cc2)c1cc2C(NC1(COC1)C([Hg])=O)=O,Cc(cc1)nc(cc2)c1cc2C(N(CCC1)C1C([Hg])=O)=O,Cc(cc1)nc(cc2)c1cc2C(N(CC1)CCC1C([Hg])=O)=O,Cc(cc1)nc(cc2)c1cc2C(N(CCN(C)C1)C1C([Hg])=O)=O,Cc(cc1)nc(cc2)c1cc2C(N(CC([Hg])=O)c1ccc[o]1)=O,Cc(cc1)nc(cc2)c1cc2C(Nc(cc1)ccc1C([Hg])=O)=O,Cc(cc1)nc(cc2)c1cc2C(NC(Cc1ccccc1)C([Hg])=O)=O,Cc(cc1)nc(cc2)c1cc2C(NCc1cccc(CC([Hg])=O)c1)=O
O=C(C1[C@@H](CC2)C[C@@H]2C1)[Hg],CC(C([Hg])=O)NC(C1[C@@H](CC2)C[C@@H]2C1)=O,CCN(CCC([Hg])=O)C(C1[C@@H](CC2)C[C@@H]2C1)=O,O=C(C1[C@@H](CC2)C[C@@H]2C1)NC1(COC1)C([Hg])=O,O=C(C1[C@@H](CC2)C[C@@H]2C1)N(CCC1)C1C([Hg])=O,O=C(C1[C@@H](CC2)C[C@@H]2C1)N(CC1)CCC1C([Hg])=O,CN(CC1)CC(C([Hg])=O)N1C(C1[C@@H](CC2)C[C@@H]2C1)=O,O=C(CN(C(C1[C@@H](CC2)C[C@@H]2C1)=O)c1ccc[o]1)[Hg],O=C(C1[C@@H](CC2)C[C@@H]2C1)Nc(cc1)ccc1C([Hg])=O,O=C(C(Cc1ccccc1)NC(C1[C@@H](CC2)C[C@@H]2C1)=O)[Hg],O=C(Cc1cc(CNC(C2[C@@H](CC3)C[C@@H]3C2)=O)ccc1)[Hg]
O=C(c1cccc2c1ccnc2)[Hg],CC(C([Hg])=O)NC(c1cccc2c1ccnc2)=O,CCN(CCC([Hg])=O)C(c1cccc2c1ccnc2)=O,O=C(C1(COC1)NC(c1cccc2c1ccnc2)=O)[Hg],O=C(C(CCC1)N1C(c1cccc2c1ccnc2)=O)[Hg],O=C(C(CC1)CCN1C(c1cccc2c1ccnc2)=O)[Hg],CN(CC1)CC(C([Hg])=O)N1C(c1cccc2c1ccnc2)=O,O=C(CN(C(c1cccc2c1ccnc2)=O)c1ccc[o]1)[Hg],O=C(c1cccc2c1ccnc2)Nc(cc1)ccc1C([Hg])=O,O=C(C(Cc1ccccc1)NC(c1cccc2c1ccnc2)=O)[Hg],O=C(Cc1cc(CNC(c2cccc3c2ccnc3)=O)ccc1)[Hg]
O=C(c1nccc2c1cccc2)[Hg],CC(C([Hg])=O)NC(c1nccc2c1cccc2)=O,CCN(CCC([Hg])=O)C(c1nccc2c1cccc2)=O,O=C(C1(COC1)NC(c1nccc2c1cccc2)=O)[Hg],O=C(C(CCC1)N1C(c1nccc2c1cccc2)=O)[Hg],O=C(C(CC1)CCN1C(c1nccc2c1cccc2)=O)[Hg],CN(CC1)CC(C([Hg])=O)N1C(c1nccc2c1cccc2)=O,O=C(CN(C(c1nccc2c1cccc2)=O)c1ccc[o]1)[Hg],O=C(c1nccc2c1cccc2)Nc(cc1)ccc1C([Hg])=O,O=C(C(Cc1ccccc1)NC(c1nccc2c1cccc2)=O)[Hg],O=C(Cc1cc(CNC(c2nccc3c2cccc3)=O)ccc1)[Hg]
O=C(c1cc(cc(cc2)F)c2[nH]1)[Hg],CC(C([Hg])=O)NC(c1cc(cc(cc2)F)c2[nH]1)=O,CCN(CCC([Hg])=O)C(c1cc(cc(cc2)F)c2[nH]1)=O,O=C(C1(COC1)NC(c1cc(cc(cc2)F)c2[nH]1)=O)[Hg],O=C(C(CCC1)N1C(c1cc(cc(cc2)F)c2[nH]1)=O)[Hg],O=C(C(CC1)CCN1C(c1cc(cc(cc2)F)c2[nH]1)=O)[Hg],CN(CC1)CC(C([Hg])=O)N1C(c1cc(cc(cc2)F)c2[nH]1)=O,O=C(CN(C(c1cc(cc(cc2)F)c2[nH]1)=O)c1ccc[o]1)[Hg],O=C(c1cc(cc(cc2)F)c2[nH]1)Nc(cc1)ccc1C([Hg])=O,O=C(C(Cc1ccccc1)NC(c1cc(cc(cc2)F)c2[nH]1)=O)[Hg],O=C(Cc1cc(CNC(c2cc(cc(cc3)F)c3[nH]2)=O)ccc1)[Hg]
O=C(c(cc1)cc2c1[nH]cc2)[Hg],CC(C([Hg])=O)NC(c(cc1)cc2c1[nH]cc2)=O,CCN(CCC([Hg])=O)C(c(cc1)cc2c1[nH]cc2)=O,O=C(C1(COC1)NC(c(cc1)cc2c1[nH]cc2)=O)[Hg],O=C(C(CCC1)N1C(c(cc1)cc2c1[nH]cc2)=O)[Hg],O=C(C(CC1)CCN1C(c(cc1)cc2c1[nH]cc2)=O)[Hg],CN(CC1)CC(C([Hg])=O)N1C(c(cc1)cc2c1[nH]cc2)=O,O=C(CN(C(c(cc1)cc2c1[nH]cc2)=O)c1ccc[o]1)[Hg],O=C(c(cc1)cc2c1[nH]cc2)Nc(cc1)ccc1C([Hg])=O,O=C(C(Cc1ccccc1)NC(c(cc1)cc2c1[nH]cc2)=O)[Hg],O=C(Cc1cc(CNC(c(cc2)cc3c2[nH]cc3)=O)ccc1)[Hg]
O=C(c1cc([nH]cc2)c2cc1)[Hg],CC(C([Hg])=O)NC(c1cc([nH]cc2)c2cc1)=O,CCN(CCC([Hg])=O)C(c1cc([nH]cc2)c2cc1)=O,O=C(C1(COC1)NC(c1cc([nH]cc2)c2cc1)=O)[Hg],O=C(C(CCC1)N1C(c1cc([nH]cc2)c2cc1)=O)[Hg],O=C(C(CC1)CCN1C(c1cc([nH]cc2)c2cc1)=O)[Hg],CN(CC1)CC(C([Hg])=O)N1C(c1cc([nH]cc2)c2cc1)=O,O=C(CN(C(c1cc([nH]cc2)c2cc1)=O)c1ccc[o]1)[Hg],O=C(c1cc([nH]cc2)c2cc1)Nc(cc1)ccc1C([Hg])=O,O=C(C(Cc1ccccc1)NC(c1cc([nH]cc2)c2cc1)=O)[Hg],O=C(Cc1cc(CNC(c2cc([nH]cc3)c3cc2)=O)ccc1)[Hg]
COc(cc1)cc2c1[nH]c(C([Hg])=O)c2,CC(C([Hg])=O)NC(c1cc(cc(cc2)OC)c2[nH]1)=O,CCN(CCC([Hg])=O)C(c1cc(cc(cc2)OC)c2[nH]1)=O,COc(cc1)cc2c1[nH]c(C(NC1(COC1)C([Hg])=O)=O)c2,COc(cc1)cc2c1[nH]c(C(N(CCC1)C1C([Hg])=O)=O)c2,COc(cc1)cc2c1[nH]c(C(N(CC1)CCC1C([Hg])=O)=O)c2,CN(CC1)CC(C([Hg])=O)N1C(c1cc(cc(cc2)OC)c2[nH]1)=O,COc(cc1)cc2c1[nH]c(C(N(CC([Hg])=O)c1ccc[o]1)=O)c2,COc(cc1)cc2c1[nH]c(C(Nc(cc1)ccc1C([Hg])=O)=O)c2,COc(cc1)cc2c1[nH]c(C(NC(Cc1ccccc1)C([Hg])=O)=O)c2,COc(cc1)cc2c1[nH]c(C(NCc1cccc(CC([Hg])=O)c1)=O)c2
O=C(Cc1c[nH]c(cc2)c1cc2Br)[Hg],CC(C([Hg])=O)NC(Cc1c[nH]c(cc2)c1cc2Br)=O,CCN(CCC([Hg])=O)C(Cc1c[nH]c(cc2)c1cc2Br)=O,O=C(Cc1c[nH]c(cc2)c1cc2Br)NC1(COC1)C([Hg])=O,O=C(Cc1c[nH]c(cc2)c1cc2Br)N(CCC1)C1C([Hg])=O,O=C(Cc1c[nH]c(cc2)c1cc2Br)N(CC1)CCC1C([Hg])=O,CN(CC1)CC(C([Hg])=O)N1C(Cc1c[nH]c(cc2)c1cc2Br)=O,O=C(Cc1c[nH]c(cc2)c1cc2Br)N(CC([Hg])=O)c1ccc[o]1,O=C(Cc1c[nH]c(cc2)c1cc2Br)Nc(cc1)ccc1C([Hg])=O,O=C(Cc1c[nH]c(cc2)c1cc2Br)NC(Cc1ccccc1)C([Hg])=O,O=C(Cc1c[nH]c(cc2)c1cc2Br)NCc1cccc(CC([Hg])=O)c1
C[n](cc1)c(cc2)c1cc2C([Hg])=O,CC(C([Hg])=O)NC(c(cc1)cc2c1[n](C)cc2)=O,CCN(CCC([Hg])=O)C(c(cc1)cc2c1[n](C)cc2)=O,C[n](cc1)c(cc2)c1cc2C(NC1(COC1)C([Hg])=O)=O,C[n](cc1)c(cc2)c1cc2C(N(CCC1)C1C([Hg])=O)=O,C[n](cc1)c(cc2)c1cc2C(N(CC1)CCC1C([Hg])=O)=O,C[n](cc1)c(cc2)c1cc2C(N(CCN(C)C1)C1C([Hg])=O)=O,C[n](cc1)c(cc2)c1cc2C(N(CC([Hg])=O)c1ccc[o]1)=O,C[n](cc1)c(cc2)c1cc2C(Nc(cc1)ccc1C([Hg])=O)=O,C[n](cc1)c(cc2)c1cc2C(NC(Cc1ccccc1)C([Hg])=O)=O,C[n](cc1)c(cc2)c1cc2C(NCc1cccc(CC([Hg])=O)c1)=O
O=C(c1cc(cccc2)c2[nH]1)[Hg],CC(C([Hg])=O)NC(c1cc(cccc2)c2[nH]1)=O,CCN(CCC([Hg])=O)C(c1cc(cccc2)c2[nH]1)=O,O=C(C1(COC1)NC(c1cc(cccc2)c2[nH]1)=O)[Hg],O=C(C(CCC1)N1C(c1cc(cccc2)c2[nH]1)=O)[Hg],O=C(C(CC1)CCN1C(c1cc(cccc2)c2[nH]1)=O)[Hg],CN(CC1)CC(C([Hg])=O)N1C(c1cc(cccc2)c2[nH]1)=O,O=C(CN(C(c1cc(cccc2)c2[nH]1)=O)c1ccc[o]1)[Hg],O=C(c1cc(cccc2)c2[nH]1)Nc(cc1)ccc1C([Hg])=O,O=C(C(Cc1ccccc1)NC(c1cc(cccc2)c2[nH]1)=O)[Hg],O=C(Cc1cc(CNC(c2cc(cccc3)c3[nH]2)=O)ccc1)[Hg]
C[n]1nc(C([Hg])=O)c2c1cccc2,CC(C([Hg])=O)NC(c1n[n](C)c2c1cccc2)=O,CCN(CCC([Hg])=O)C(c1n[n](C)c2c1cccc2)=O,C[n]1nc(C(NC2(COC2)C([Hg])=O)=O)c2c1cccc2,C[n]1nc(C(N(CCC2)C2C([Hg])=O)=O)c2c1cccc2,C[n]1nc(C(N(CC2)CCC2C([Hg])=O)=O)c2c1cccc2,C[n]1nc(C(N(CCN(C)C2)C2C([Hg])=O)=O)c2c1cccc2,C[n]1nc(C(N(CC([Hg])=O)c2ccc[o]2)=O)c2c1cccc2,C[n]1nc(C(Nc(cc2)ccc2C([Hg])=O)=O)c2c1cccc2,C[n]1nc(C(NC(Cc2ccccc2)C([Hg])=O)=O)c2c1cccc2,C[n]1nc(C(NCc2cccc(CC([Hg])=O)c2)=O)c2c1cccc2
O=C(c1n[nH]c2c1cccc2)[Hg],CC(C([Hg])=O)NC(c1n[nH]c2c1cccc2)=O,CCN(CCC([Hg])=O)C(c1n[nH]c2c1cccc2)=O,O=C(C1(COC1)NC(c1n[nH]c2c1cccc2)=O)[Hg],O=C(C(CCC1)N1C(c1n[nH]c2c1cccc2)=O)[Hg],O=C(C(CC1)CCN1C(c1n[nH]c2c1cccc2)=O)[Hg],CN(CC1)CC(C([Hg])=O)N1C(c1n[nH]c2c1cccc2)=O,O=C(CN(C(c1n[nH]c2c1cccc2)=O)c1ccc[o]1)[Hg],O=C(c1n[nH]c2c1cccc2)Nc(cc1)ccc1C([Hg])=O,O=C(C(Cc1ccccc1)NC(c1n[nH]c2c1cccc2)=O)[Hg],O=C(Cc1cc(CNC(c2n[nH]c3c2cccc3)=O)ccc1)[Hg]
O=C(c(cc1)cc2c1[nH]cn2)[Hg],CC(C([Hg])=O)NC(c(cc1)cc2c1[nH]cn2)=O,CCN(CCC([Hg])=O)C(c(cc1)cc2c1[nH]cn2)=O,O=C(C1(COC1)NC(c(cc1)cc2c1[nH]cn2)=O)[Hg],O=C(C(CCC1)N1C(c(cc1)cc2c1[nH]cn2)=O)[Hg],O=C(C(CC1)CCN1C(c(cc1)cc2c1[nH]cn2)=O)[Hg],CN(CC1)CC(C([Hg])=O)N1C(c(cc1)cc2c1[nH]cn2)=O,O=C(CN(C(c(cc1)cc2c1[nH]cn2)=O)c1ccc[o]1)[Hg],O=C(c(cc1)cc2c1[nH]cn2)Nc(cc1)ccc1C([Hg])=O,O=C(C(Cc1ccccc1)NC(c(cc1)cc2c1[nH]cn2)=O)[Hg],O=C(Cc1cc(CNC(c(cc2)cc3c2[nH]cn3)=O)ccc1)[Hg]
O=C(c1ccc(C[n]2c(cccc3)c3nc2)cc1)[Hg],CC(C([Hg])=O)NC(c1ccc(C[n]2c(cccc3)c3nc2)cc1)=O,CCN(CCC([Hg])=O)C(c1ccc(C[n]2c(cccc3)c3nc2)cc1)=O,O=C(C1(COC1)NC(c1ccc(C[n]2c(cccc3)c3nc2)cc1)=O)[Hg],O=C(C(CCC1)N1C(c1ccc(C[n]2c(cccc3)c3nc2)cc1)=O)[Hg],O=C(C(CC1)CCN1C(c1ccc(C[n]2c(cccc3)c3nc2)cc1)=O)[Hg],CN(CC1)CC(C([Hg])=O)N1C(c1ccc(C[n]2c(cccc3)c3nc2)cc1)=O,O=C(CN(C(c1ccc(C[n]2c(cccc3)c3nc2)cc1)=O)c1ccc[o]1)[Hg],O=C(c1ccc(C[n]2c(cccc3)c3nc2)cc1)Nc(cc1)ccc1C([Hg])=O,O=C(C(Cc1ccccc1)NC(c1ccc(C[n]2c(cccc3)c3nc2)cc1)=O)[Hg],O=C(Cc1cc(CNC(c2ccc(C[n]3c(cccc4)c4nc3)cc2)=O)ccc1)[Hg]
O=C(c(cc1)cc2c1OCCO2)[Hg],CC(C([Hg])=O)NC(c(cc1)cc2c1OCCO2)=O,CCN(CCC([Hg])=O)C(c(cc1)cc2c1OCCO2)=O,O=C(C1(COC1)NC(c(cc1)cc2c1OCCO2)=O)[Hg],O=C(C(CCC1)N1C(c(cc1)cc2c1OCCO2)=O)[Hg],O=C(C(CC1)CCN1C(c(cc1)cc2c1OCCO2)=O)[Hg],CN(CC1)CC(C([Hg])=O)N1C(c(cc1)cc2c1OCCO2)=O,O=C(CN(C(c(cc1)cc2c1OCCO2)=O)c1ccc[o]1)[Hg],O=C(c(cc1)cc2c1OCCO2)Nc(cc1)ccc1C([Hg])=O,O=C(C(Cc1ccccc1)NC(c(cc1)cc2c1OCCO2)=O)[Hg],O=C(Cc1cc(CNC(c(cc2)cc3c2OCCO3)=O)ccc1)[Hg]
Cc(nc1)cnc1C([Hg])=O,CC(C([Hg])=O)NC(c1ncc(C)nc1)=O,CCN(CCC([Hg])=O)C(c1ncc(C)nc1)=O,Cc(nc1)cnc1C(NC1(COC1)C([Hg])=O)=O,Cc(nc1)cnc1C(N(CCC1)C1C([Hg])=O)=O,Cc(nc1)cnc1C(N(CC1)CCC1C([Hg])=O)=O,Cc(nc1)cnc1C(N(CCN(C)C1)C1C([Hg])=O)=O,Cc(nc1)cnc1C(N(CC([Hg])=O)c1ccc[o]1)=O,Cc(nc1)cnc1C(Nc(cc1)ccc1C([Hg])=O)=O,Cc(nc1)cnc1C(NC(Cc1ccccc1)C([Hg])=O)=O,Cc(nc1)cnc1C(NCc1cccc(CC([Hg])=O)c1)=O
O=C(CC1CCCCCC1)[Hg],CC(C([Hg])=O)NC(CC1CCCCCC1)=O,CCN(CCC([Hg])=O)C(CC1CCCCCC1)=O,O=C(CC1CCCCCC1)NC1(COC1)C([Hg])=O,O=C(CC1CCCCCC1)N(CCC1)C1C([Hg])=O,O=C(CC1CCCCCC1)N(CC1)CCC1C([Hg])=O,CN(CC1)CC(C([Hg])=O)N1C(CC1CCCCCC1)=O,O=C(CC1CCCCCC1)N(CC([Hg])=O)c1ccc[o]1,O=C(CC1CCCCCC1)Nc(cc1)ccc1C([Hg])=O,O=C(CC1CCCCCC1)NC(Cc1ccccc1)C([Hg])=O,O=C(CC1CCCCCC1)NCc1cccc(CC([Hg])=O)c1
O=C(CCNC(NC1(C[C@H](C2)C3)C[C@H]3CC2C1)=O)[Hg],CC(C([Hg])=O)NC(CCNC(NC1(C[C@H](C2)C3)C[C@H]3CC2C1)=O)=O,CCN(CCC([Hg])=O)C(CCNC(NC1(C[C@H](C2)C3)C[C@H]3CC2C1)=O)=O,O=C(CCNC(NC1(C[C@H](C2)C3)C[C@H]3CC2C1)=O)NC1(COC1)C([Hg])=O,O=C(CCNC(NC1(C[C@H](C2)C3)C[C@H]3CC2C1)=O)N(CCC1)C1C([Hg])=O,O=C(CCNC(NC1(C[C@H](C2)C3)C[C@H]3CC2C1)=O)N(CC1)CCC1C([Hg])=O,CN(CC1)CC(C([Hg])=O)N1C(CCNC(NC1(C[C@H](C2)C3)C[C@H]3CC2C1)=O)=O,O=C(CCNC(NC1(C[C@H](C2)C3)C[C@H]3CC2C1)=O)N(CC([Hg])=O)c1ccc[o]1,O=C(CCNC(NC1(C[C@H](C2)C3)C[C@H]3CC2C1)=O)Nc(cc1)ccc1C([Hg])=O,O=C(CCNC(NC1(C[C@H](C2)C3)C[C@H]3CC2C1)=O)NC(Cc1ccccc1)C([Hg])=O,O=C(CCNC(NC1(C[C@H](C2)C3)C[C@H]3CC2C1)=O)NCc1cccc(CC([Hg])=O)c1
O=C(c1n[nH]c(C2CC2)c1)[Hg],CC(C([Hg])=O)NC(c1n[nH]c(C2CC2)c1)=O,CCN(CCC([Hg])=O)C(c1n[nH]c(C2CC2)c1)=O,O=C(C1(COC1)NC(c1n[nH]c(C2CC2)c1)=O)[Hg],O=C(C(CCC1)N1C(c1n[nH]c(C2CC2)c1)=O)[Hg],O=C(C(CC1)CCN1C(c1n[nH]c(C2CC2)c1)=O)[Hg],CN(CC1)CC(C([Hg])=O)N1C(c1n[nH]c(C2CC2)c1)=O,O=C(CN(C(c1n[nH]c(C2CC2)c1)=O)c1ccc[o]1)[Hg],O=C(c1n[nH]c(C2CC2)c1)Nc(cc1)ccc1C([Hg])=O,O=C(C(Cc1ccccc1)NC(c1n[nH]c(C2CC2)c1)=O)[Hg],O=C(Cc1cc(CNC(c2n[nH]c(C3CC3)c2)=O)ccc1)[Hg]
COc(cc1)cc2c1c(CC([Hg])=O)c[o]2,CC(C([Hg])=O)NC(Cc1c[o]c2c1ccc(OC)c2)=O,CCN(CCC([Hg])=O)C(Cc1c[o]c2c1ccc(OC)c2)=O,COc(cc1)cc2c1c(CC(NC1(COC1)C([Hg])=O)=O)c[o]2,COc(cc1)cc2c1c(CC(N(CCC1)C1C([Hg])=O)=O)c[o]2,COc(cc1)cc2c1c(CC(N(CC1)CCC1C([Hg])=O)=O)c[o]2,CN(CC1)CC(C([Hg])=O)N1C(Cc1c[o]c2c1ccc(OC)c2)=O,COc(cc1)cc2c1c(CC(N(CC([Hg])=O)c1ccc[o]1)=O)c[o]2,COc(cc1)cc2c1c(CC(Nc(cc1)ccc1C([Hg])=O)=O)c[o]2,COc(cc1)cc2c1c(CC(NC(Cc1ccccc1)C([Hg])=O)=O)c[o]2,COc(cc1)cc2c1c(CC(NCc1cccc(CC([Hg])=O)c1)=O)c[o]2
Cc1c(C([Hg])=O)[o]c2c1ccc(C)c2,CC(C([Hg])=O)NC(c1c(C)c(ccc(C)c2)c2[o]1)=O,CCN(CCC([Hg])=O)C(c1c(C)c(ccc(C)c2)c2[o]1)=O,Cc1c(C(NC2(COC2)C([Hg])=O)=O)[o]c2c1ccc(C)c2,Cc1c(C(N(CCC2)C2C([Hg])=O)=O)[o]c2c1ccc(C)c2,Cc1c(C(N(CC2)CCC2C([Hg])=O)=O)[o]c2c1ccc(C)c2,Cc1c(C(N(CCN(C)C2)C2C([Hg])=O)=O)[o]c2c1ccc(C)c2,Cc1c(C(N(CC([Hg])=O)c2ccc[o]2)=O)[o]c2c1ccc(C)c2,Cc1c(C(Nc(cc2)ccc2C([Hg])=O)=O)[o]c2c1ccc(C)c2,Cc1c(C(NC(Cc2ccccc2)C([Hg])=O)=O)[o]c2c1ccc(C)c2,Cc1c(C(NCc2cccc(CC([Hg])=O)c2)=O)[o]c2c1ccc(C)c2
O=C(c(cc1)cc2c1[o]cc2)[Hg],CC(C([Hg])=O)NC(c(cc1)cc2c1[o]cc2)=O,CCN(CCC([Hg])=O)C(c(cc1)cc2c1[o]cc2)=O,O=C(C1(COC1)NC(c(cc1)cc2c1[o]cc2)=O)[Hg],O=C(C(CCC1)N1C(c(cc1)cc2c1[o]cc2)=O)[Hg],O=C(C(CC1)CCN1C(c(cc1)cc2c1[o]cc2)=O)[Hg],CN(CC1)CC(C([Hg])=O)N1C(c(cc1)cc2c1[o]cc2)=O,O=C(CN(C(c(cc1)cc2c1[o]cc2)=O)c1ccc[o]1)[Hg],O=C(c(cc1)cc2c1[o]cc2)Nc(cc1)ccc1C([Hg])=O,O=C(C(Cc1ccccc1)NC(c(cc1)cc2c1[o]cc2)=O)[Hg],O=C(Cc1cc(CNC(c(cc2)cc3c2[o]cc3)=O)ccc1)[Hg]
O=C(c1c[n](cc[s]2)c2n1)[Hg],CC(C([Hg])=O)NC(c1c[n](cc[s]2)c2n1)=O,CCN(CCC([Hg])=O)C(c1c[n](cc[s]2)c2n1)=O,O=C(C1(COC1)NC(c1c[n](cc[s]2)c2n1)=O)[Hg],O=C(C(CCC1)N1C(c1c[n](cc[s]2)c2n1)=O)[Hg],O=C(C(CC1)CCN1C(c1c[n](cc[s]2)c2n1)=O)[Hg],CN(CC1)CC(C([Hg])=O)N1C(c1c[n](cc[s]2)c2n1)=O,O=C(CN(C(c1c[n](cc[s]2)c2n1)=O)c1ccc[o]1)[Hg],O=C(c1c[n](cc[s]2)c2n1)Nc(cc1)ccc1C([Hg])=O,O=C(C(Cc1ccccc1)NC(c1c[n](cc[s]2)c2n1)=O)[Hg],O=C(Cc1cc(CNC(c2c[n](cc[s]3)c3n2)=O)ccc1)[Hg]
O=C(c(cc1)ccc1-[n]1cncc1)[Hg],CC(C([Hg])=O)NC(c(cc1)ccc1-[n]1cncc1)=O,CCN(CCC([Hg])=O)C(c(cc1)ccc1-[n]1cncc1)=O,O=C(C1(COC1)NC(c(cc1)ccc1-[n]1cncc1)=O)[Hg],O=C(C(CCC1)N1C(c(cc1)ccc1-[n]1cncc1)=O)[Hg],O=C(C(CC1)CCN1C(c(cc1)ccc1-[n]1cncc1)=O)[Hg],CN(CC1)CC(C([Hg])=O)N1C(c(cc1)ccc1-[n]1cncc1)=O,O=C(CN(C(c(cc1)ccc1-[n]1cncc1)=O)c1ccc[o]1)[Hg],O=C(c(cc1)ccc1-[n]1cncc1)Nc(cc1)ccc1C([Hg])=O,O=C(C(Cc1ccccc1)NC(c(cc1)ccc1-[n]1cncc1)=O)[Hg],O=C(Cc1cc(CNC(c(cc2)ccc2-[n]2cncc2)=O)ccc1)[Hg]
CC[C@H](CC1)CC[C@@H]1C([Hg])=O,CC[C@H](CC1)CC[C@@H]1C(NC(C)C([Hg])=O)=O,CC[C@H](CC1)CC[C@@H]1C(N(CC)CCC([Hg])=O)=O,CC[C@H](CC1)CC[C@@H]1C(NC1(COC1)C([Hg])=O)=O,CC[C@H](CC1)CC[C@@H]1C(N(CCC1)C1C([Hg])=O)=O,CC[C@H](CC1)CC[C@@H]1C(N(CC1)CCC1C([Hg])=O)=O,CC[C@H](CC1)CC[C@@H]1C(N(CCN(C)C1)C1C([Hg])=O)=O,CC[C@H](CC1)CC[C@@H]1C(N(CC([Hg])=O)c1ccc[o]1)=O,CC[C@H](CC1)CC[C@@H]1C(Nc(cc1)ccc1C([Hg])=O)=O,CC[C@H](CC1)CC[C@@H]1C(NC(Cc1ccccc1)C([Hg])=O)=O,CC[C@H](CC1)CC[C@@H]1C(NCc1cccc(CC([Hg])=O)c1)=O
O=C(C(CC1)CCC1=O)[Hg],CC(C([Hg])=O)NC(C(CC1)CCC1=O)=O,CCN(CCC([Hg])=O)C(C(CC1)CCC1=O)=O,O=C(C(CC1)CCC1=O)NC1(COC1)C([Hg])=O,O=C(C(CCC1)N1C(C(CC1)CCC1=O)=O)[Hg],O=C(C(CC1)CCC1=O)N(CC1)CCC1C([Hg])=O,CN(CC1)CC(C([Hg])=O)N1C(C(CC1)CCC1=O)=O,O=C(CN(C(C(CC1)CCC1=O)=O)c1ccc[o]1)[Hg],O=C(C(CC1)CCC1=O)Nc(cc1)ccc1C([Hg])=O,O=C(C(Cc1ccccc1)NC(C(CC1)CCC1=O)=O)[Hg],O=C(Cc1cc(CNC(C(CC2)CCC2=O)=O)ccc1)[Hg]
Cc1nc(ccc(C([Hg])=O)c2)c2nc1C,CC(C([Hg])=O)NC(c(cc1)cc2c1nc(C)c(C)n2)=O,CCN(CCC([Hg])=O)C(c(cc1)cc2c1nc(C)c(C)n2)=O,Cc1nc(ccc(C(NC2(COC2)C([Hg])=O)=O)c2)c2nc1C,Cc1nc(ccc(C(N(CCC2)C2C([Hg])=O)=O)c2)c2nc1C,Cc1nc(ccc(C(N(CC2)CCC2C([Hg])=O)=O)c2)c2nc1C,Cc1nc(ccc(C(N(CCN(C)C2)C2C([Hg])=O)=O)c2)c2nc1C,Cc1nc(ccc(C(N(CC([Hg])=O)c2ccc[o]2)=O)c2)c2nc1C,Cc1nc(ccc(C(Nc(cc2)ccc2C([Hg])=O)=O)c2)c2nc1C,Cc1nc(ccc(C(NC(Cc2ccccc2)C([Hg])=O)=O)c2)c2nc1C,Cc1nc(ccc(C(NCc2cccc(CC([Hg])=O)c2)=O)c2)c2nc1C
O=C(C(CC1)CCN1C(c(cc1)ccc1F)=O)[Hg],CC(C([Hg])=O)NC(C(CC1)CCN1C(c(cc1)ccc1F)=O)=O,CCN(CCC([Hg])=O)C(C(CC1)CCN1C(c(cc1)ccc1F)=O)=O,O=C(C(CC1)CCN1C(c(cc1)ccc1F)=O)NC1(COC1)C([Hg])=O,O=C(C(CCC1)N1C(C(CC1)CCN1C(c(cc1)ccc1F)=O)=O)[Hg],O=C(C(CC1)CCN1C(c(cc1)ccc1F)=O)N(CC1)CCC1C([Hg])=O,CN(CC1)CC(C([Hg])=O)N1C(C(CC1)CCN1C(c(cc1)ccc1F)=O)=O,O=C(CN(C(C(CC1)CCN1C(c(cc1)ccc1F)=O)=O)c1ccc[o]1)[Hg],O=C(C(CC1)CCN1C(c(cc1)ccc1F)=O)Nc(cc1)ccc1C([Hg])=O,O=C(C(Cc1ccccc1)NC(C(CC1)CCN1C(c(cc1)ccc1F)=O)=O)[Hg],O=C(Cc1cc(CNC(C(CC2)CCN2C(c(cc2)ccc2F)=O)=O)ccc1)[Hg]
COc1cc(C(N(CC2)CCC2C([Hg])=O)=O)cc(OC)c1,CC(C([Hg])=O)NC(C(CC1)CCN1C(c1cc(OC)cc(OC)c1)=O)=O,CCN(CCC([Hg])=O)C(C(CC1)CCN1C(c1cc(OC)cc(OC)c1)=O)=O,COc1cc(C(N(CC2)CCC2C(NC2(COC2)C([Hg])=O)=O)=O)cc(OC)c1,COc1cc(C(N(CC2)CCC2C(N(CCC2)C2C([Hg])=O)=O)=O)cc(OC)c1,COc1cc(C(N(CC2)CCC2C(N(CC2)CCC2C([Hg])=O)=O)=O)cc(OC)c1,CN(CC1)CC(C([Hg])=O)N1C(C(CC1)CCN1C(c1cc(OC)cc(OC)c1)=O)=O,COc1cc(C(N(CC2)CCC2C(N(CC([Hg])=O)c2ccc[o]2)=O)=O)cc(OC)c1,COc1cc(C(N(CC2)CCC2C(Nc(cc2)ccc2C([Hg])=O)=O)=O)cc(OC)c1,COc1cc(C(N(CC2)CCC2C(NC(Cc2ccccc2)C([Hg])=O)=O)=O)cc(OC)c1,COc1cc(C(N(CC2)CCC2C(NCc2cccc(CC([Hg])=O)c2)=O)=O)cc(OC)c1
CC(C)Oc(cc1)cc(O2)c1C=C(C([Hg])=O)C2=O,CC(C)Oc(cc1)cc(O2)c1C=C(C(NC(C)C([Hg])=O)=O)C2=O,CCN(CCC([Hg])=O)C(C1=Cc(ccc(OC(C)C)c2)c2OC1=O)=O,CC(C)Oc(cc1)cc(O2)c1C=C(C(NC1(COC1)C([Hg])=O)=O)C2=O,CC(C)Oc(cc1)cc(O2)c1C=C(C(N(CCC1)C1C([Hg])=O)=O)C2=O,CC(C)Oc(cc1)cc(O2)c1C=C(C(N(CC1)CCC1C([Hg])=O)=O)C2=O,CC(C)Oc(cc1)cc(O2)c1C=C(C(N(CCN(C)C1)C1C([Hg])=O)=O)C2=O,CC(C)Oc(cc1)cc(O2)c1C=C(C(N(CC([Hg])=O)c1ccc[o]1)=O)C2=O,CC(C)Oc(cc1)cc(O2)c1C=C(C(Nc(cc1)ccc1C([Hg])=O)=O)C2=O,CC(C)Oc(cc1)cc(O2)c1C=C(C(NC(Cc1ccccc1)C([Hg])=O)=O)C2=O,CC(C)Oc(cc1)cc(O2)c1C=C(C(NCc1cccc(CC([Hg])=O)c1)=O)C2=O
Cc(cc1)cc(C2CC([Hg])=O)c1NC2=O,CC(C([Hg])=O)NC(CC(c(cc(C)cc1)c1N1)C1=O)=O,CCN(CCC([Hg])=O)C(CC(c(cc(C)cc1)c1N1)C1=O)=O,Cc(cc1)cc(C2CC(NC3(COC3)C([Hg])=O)=O)c1NC2=O,Cc(cc1)cc(C2CC(N(CCC3)C3C([Hg])=O)=O)c1NC2=O,Cc(cc1)cc(C2CC(N(CC3)CCC3C([Hg])=O)=O)c1NC2=O,Cc(cc1)cc(C2CC(N(CCN(C)C3)C3C([Hg])=O)=O)c1NC2=O,Cc(cc1)cc(C2CC(N(CC([Hg])=O)c3ccc[o]3)=O)c1NC2=O,Cc(cc1)cc(C2CC(Nc(cc3)ccc3C([Hg])=O)=O)c1NC2=O,Cc(cc1)cc(C2CC(NC(Cc3ccccc3)C([Hg])=O)=O)c1NC2=O,Cc(cc1)cc(C2CC(NCc3cccc(CC([Hg])=O)c3)=O)c1NC2=O
O=C(c1ccc(C[n]2nnnc2)cc1)[Hg],CC(C([Hg])=O)NC(c1ccc(C[n]2nnnc2)cc1)=O,CCN(CCC([Hg])=O)C(c1ccc(C[n]2nnnc2)cc1)=O,O=C(C1(COC1)NC(c1ccc(C[n]2nnnc2)cc1)=O)[Hg],O=C(C(CCC1)N1C(c1ccc(C[n]2nnnc2)cc1)=O)[Hg],O=C(C(CC1)CCN1C(c1ccc(C[n]2nnnc2)cc1)=O)[Hg],CN(CC1)CC(C([Hg])=O)N1C(c1ccc(C[n]2nnnc2)cc1)=O,O=C(CN(C(c1ccc(C[n]2nnnc2)cc1)=O)c1ccc[o]1)[Hg],O=C(c1ccc(C[n]2nnnc2)cc1)Nc(cc1)ccc1C([Hg])=O,O=C(C(Cc1ccccc1)NC(c1ccc(C[n]2nnnc2)cc1)=O)[Hg],O=C(Cc1cc(CNC(c2ccc(C[n]3nnnc3)cc2)=O)ccc1)[Hg]
OCCc(cnc1c2)c[n]1nc2C([Hg])=O,CC(C([Hg])=O)NC(c1n[n](cc(CCO)cn2)c2c1)=O,CCN(CCC([Hg])=O)C(c1n[n](cc(CCO)cn2)c2c1)=O,OCCc(cnc1c2)c[n]1nc2C(NC1(COC1)C([Hg])=O)=O,OCCc(cnc1c2)c[n]1nc2C(N(CCC1)C1C([Hg])=O)=O,OCCc(cnc1c2)c[n]1nc2C(N(CC1)CCC1C([Hg])=O)=O,CN(CC1)CC(C([Hg])=O)N1C(c1n[n](cc(CCO)cn2)c2c1)=O,OCCc(cnc1c2)c[n]1nc2C(N(CC([Hg])=O)c1ccc[o]1)=O,OCCc(cnc1c2)c[n]1nc2C(Nc(cc1)ccc1C([Hg])=O)=O,OCCc(cnc1c2)c[n]1nc2C(NC(Cc1ccccc1)C([Hg])=O)=O,OCCc(cnc1c2)c[n]1nc2C(NCc1cccc(CC([Hg])=O)c1)=O
CC(C)(C(N1CC([Hg])=O)=O)NC1=O,CC(C([Hg])=O)NC(CN(C(C(C)(C)N1)=O)C1=O)=O,CCN(CCC([Hg])=O)C(CN(C(C(C)(C)N1)=O)C1=O)=O,CC(C)(C(N1CC(NC2(COC2)C([Hg])=O)=O)=O)NC1=O,CC(C)(C(N1CC(N(CCC2)C2C([Hg])=O)=O)=O)NC1=O,CC(C)(C(N1CC(N(CC2)CCC2C([Hg])=O)=O)=O)NC1=O,CC(C)(C(N1CC(N(CCN(C)C2)C2C([Hg])=O)=O)=O)NC1=O,CC(C)(C(N1CC(N(CC([Hg])=O)c2ccc[o]2)=O)=O)NC1=O,CC(C)(C(N1CC(Nc(cc2)ccc2C([Hg])=O)=O)=O)NC1=O,CC(C)(C(N1CC(NC(Cc2ccccc2)C([Hg])=O)=O)=O)NC1=O,CC(C)(C(N1CC(NCc2cccc(CC([Hg])=O)c2)=O)=O)NC1=O
O=C(C1CCN(Cc2ccc[o]2)CC1)[Hg],CC(C([Hg])=O)NC(C1CCN(Cc2ccc[o]2)CC1)=O,CCN(CCC([Hg])=O)C(C1CCN(Cc2ccc[o]2)CC1)=O,O=C(C1CCN(Cc2ccc[o]2)CC1)NC1(COC1)C([Hg])=O,O=C(C(CCC1)N1C(C1CCN(Cc2ccc[o]2)CC1)=O)[Hg],O=C(C1CCN(Cc2ccc[o]2)CC1)N(CC1)CCC1C([Hg])=O,CN(CC1)CC(C([Hg])=O)N1C(C1CCN(Cc2ccc[o]2)CC1)=O,O=C(CN(C(C1CCN(Cc2ccc[o]2)CC1)=O)c1ccc[o]1)[Hg],O=C(C1CCN(Cc2ccc[o]2)CC1)Nc(cc1)ccc1C([Hg])=O,O=C(C(Cc1ccccc1)NC(C1CCN(Cc2ccc[o]2)CC1)=O)[Hg],O=C(Cc1cc(CNC(C2CCN(Cc3ccc[o]3)CC2)=O)ccc1)[Hg]
CC(c1c2cccc1)=NN(CC([Hg])=O)C2=O,CC(C([Hg])=O)NC(CN1N=C(C)c(cccc2)c2C1=O)=O,CCN(CCC([Hg])=O)C(CN1N=C(C)c(cccc2)c2C1=O)=O,CC(c1c2cccc1)=NN(CC(NC1(COC1)C([Hg])=O)=O)C2=O,CC(c1c2cccc1)=NN(CC(N(CCC1)C1C([Hg])=O)=O)C2=O,CC(c1c2cccc1)=NN(CC(N(CC1)CCC1C([Hg])=O)=O)C2=O,CC(c1c2cccc1)=NN(CC(N(CCN(C)C1)C1C([Hg])=O)=O)C2=O,CC(c1c2cccc1)=NN(CC(N(CC([Hg])=O)c1ccc[o]1)=O)C2=O,CC(c1c2cccc1)=NN(CC(Nc(cc1)ccc1C([Hg])=O)=O)C2=O,CC(c1c2cccc1)=NN(CC(NC(Cc1ccccc1)C([Hg])=O)=O)C2=O,CC(c1c2cccc1)=NN(CC(NCc1cccc(CC([Hg])=O)c1)=O)C2=O
O=C(C(C[C@@H](C1)C2)(C[C@H]1C1)CC21[n]1ncnc1)[Hg],CC(C([Hg])=O)NC(C(C[C@@H](C1)C2)(C[C@H]1C1)CC21[n]1ncnc1)=O,CCN(CCC([Hg])=O)C(C(C[C@@H](C1)C2)(C[C@H]1C1)CC21[n]1ncnc1)=O,O=C(C1(COC1)NC(C(C[C@@H](C1)C2)(C[C@H]1C1)CC21[n]1ncnc1)=O)[Hg],O=C(C(CCC1)N1C(C(C[C@@H](C1)C2)(C[C@H]1C1)CC21[n]1ncnc1)=O)[Hg],O=C(C(CC1)CCN1C(C(C[C@@H](C1)C2)(C[C@H]1C1)CC21[n]1ncnc1)=O)[Hg],CN(CC1)CC(C([Hg])=O)N1C(C(C[C@@H](C1)C2)(C[C@H]1C1)CC21[n]1ncnc1)=O,O=C(CN(C(C(C[C@@H](C1)C2)(C[C@H]1C1)CC21[n]1ncnc1)=O)c1ccc[o]1)[Hg],O=C(C(C[C@@H](C1)C2)(C[C@H]1C1)CC21[n]1ncnc1)Nc(cc1)ccc1C([Hg])=O,O=C(C(Cc1ccccc1)NC(C(C[C@@H](C1)C2)(C[C@H]1C1)CC21[n]1ncnc1)=O)[Hg],O=C(Cc1cc(CNC(C(C[C@@H](C2)C3)(C[C@H]2C2)CC32[n]2ncnc2)=O)ccc1)[Hg]
Cc(cc1)ccc1N(CC([Hg])=O)S(C)(=O)=O,CC(C([Hg])=O)NC(CN(c1ccc(C)cc1)S(C)(=O)=O)=O,CCN(CCC([Hg])=O)C(CN(c1ccc(C)cc1)S(C)(=O)=O)=O,Cc(cc1)ccc1N(CC(NC1(COC1)C([Hg])=O)=O)S(C)(=O)=O,Cc(cc1)ccc1N(CC(N(CCC1)C1C([Hg])=O)=O)S(C)(=O)=O,Cc(cc1)ccc1N(CC(N(CC1)CCC1C([Hg])=O)=O)S(C)(=O)=O,Cc(cc1)ccc1N(CC(N(CCN(C)C1)C1C([Hg])=O)=O)S(C)(=O)=O,Cc(cc1)ccc1N(CC(N(CC([Hg])=O)c1ccc[o]1)=O)S(C)(=O)=O,Cc(cc1)ccc1N(CC(Nc(cc1)ccc1C([Hg])=O)=O)S(C)(=O)=O,Cc(cc1)ccc1N(CC(NC(Cc1ccccc1)C([Hg])=O)=O)S(C)(=O)=O,Cc(cc1)ccc1N(CC(NCc1cccc(CC([Hg])=O)c1)=O)S(C)(=O)=O
O=C([C@H](C1)[C@@H]1c1ccccc1)[Hg],CC(C([Hg])=O)NC([C@H](C1)[C@@H]1c1ccccc1)=O,CCN(CCC([Hg])=O)C([C@H](C1)[C@@H]1c1ccccc1)=O,O=C([C@H](C1)[C@@H]1c1ccccc1)NC1(COC1)C([Hg])=O,O=C([C@H](C1)[C@@H]1c1ccccc1)N(CCC1)C1C([Hg])=O,O=C([C@H](C1)[C@@H]1c1ccccc1)N(CC1)CCC1C([Hg])=O,CN(CC1)CC(C([Hg])=O)N1C([C@H](C1)[C@@H]1c1ccccc1)=O,O=C(CN(C([C@H](C1)[C@@H]1c1ccccc1)=O)c1ccc[o]1)[Hg],O=C([C@H](C1)[C@@H]1c1ccccc1)Nc(cc1)ccc1C([Hg])=O,O=C(C(Cc1ccccc1)NC([C@H](C1)[C@@H]1c1ccccc1)=O)[Hg],O=C(Cc1cc(CNC([C@H](C2)[C@@H]2c2ccccc2)=O)ccc1)[Hg]
CC(CO)(CO)C([Hg])=O,CC(C([Hg])=O)NC(C(C)(CO)CO)=O,CCN(CCC([Hg])=O)C(C(C)(CO)CO)=O,CC(CO)(CO)C(NC1(COC1)C([Hg])=O)=O,CC(CO)(CO)C(N(CCC1)C1C([Hg])=O)=O,CC(CO)(CO)C(N(CC1)CCC1C([Hg])=O)=O,CC(CO)(CO)C(N(CCN(C)C1)C1C([Hg])=O)=O,CC(CO)(CO)C(N(CC([Hg])=O)c1ccc[o]1)=O,CC(CO)(CO)C(Nc(cc1)ccc1C([Hg])=O)=O,CC(CO)(CO)C(NC(Cc1ccccc1)C([Hg])=O)=O,CC(CO)(CO)C(NCc1cccc(CC([Hg])=O)c1)=O
CC(C)([C@@H](CC1)C2)[C@@]1(C([Hg])=O)C2=O,CC(C([Hg])=O)NC([C@](CC1)(C(C)(C)[C@@H]1C1)C1=O)=O,CCN(CCC([Hg])=O)C([C@](CC1)(C(C)(C)[C@@H]1C1)C1=O)=O,CC(C)([C@@H](CC1)C2)[C@@]1(C(NC1(COC1)C([Hg])=O)=O)C2=O,CC(C)([C@@H](CC1)C2)[C@@]1(C(N(CCC1)C1C([Hg])=O)=O)C2=O,CC(C)([C@@H](CC1)C2)[C@@]1(C(N(CC1)CCC1C([Hg])=O)=O)C2=O,CC(C)([C@@H](CC1)C2)[C@@]1(C(N(CCN(C)C1)C1C([Hg])=O)=O)C2=O,CC(C)([C@@H](CC1)C2)[C@@]1(C(N(CC([Hg])=O)c1ccc[o]1)=O)C2=O,CC(C)([C@@H](CC1)C2)[C@@]1(C(Nc(cc1)ccc1C([Hg])=O)=O)C2=O,CC(C)([C@@H](CC1)C2)[C@@]1(C(NC(Cc1ccccc1)C([Hg])=O)=O)C2=O,CC(C)([C@@H](CC1)C2)[C@@]1(C(NCc1cccc(CC([Hg])=O)c1)=O)C2=O
CCC1(CC([Hg])=O)OCCc2c1[nH]c1c2cccc1CC,CCC1(CC(NC(C)C([Hg])=O)=O)OCCc2c1[nH]c1c2cccc1CC,CCC1(CC(N(CC)CCC([Hg])=O)=O)OCCc2c1[nH]c1c2cccc1CC,CCC1(CC(NC2(COC2)C([Hg])=O)=O)OCCc2c1[nH]c1c2cccc1CC,CCC1(CC(N(CCC2)C2C([Hg])=O)=O)OCCc2c1[nH]c1c2cccc1CC,CCC1(CC(N(CC2)CCC2C([Hg])=O)=O)OCCc2c1[nH]c1c2cccc1CC,CCC1(CC(N(CCN(C)C2)C2C([Hg])=O)=O)OCCc2c1[nH]c1c2cccc1CC,CCC1(CC(N(CC([Hg])=O)c2ccc[o]2)=O)OCCc2c1[nH]c1c2cccc1CC,CCC1(CC(Nc(cc2)ccc2C([Hg])=O)=O)OCCc2c1[nH]c1c2cccc1CC,CCC1(CC(NC(Cc2ccccc2)C([Hg])=O)=O)OCCc2c1[nH]c1c2cccc1CC,CCC1(CC(NCc2cccc(CC([Hg])=O)c2)=O)OCCc2c1[nH]c1c2cccc1CC
CN([C@@H]([C@H](C1)C([Hg])=O)c2cnccc2)C1=O,CC(C([Hg])=O)NC([C@@H](C1)[C@@H](c2cnccc2)N(C)C1=O)=O,CCN(CCC([Hg])=O)C([C@@H](C1)[C@@H](c2cnccc2)N(C)C1=O)=O,CN([C@@H]([C@H](C1)C(NC2(COC2)C([Hg])=O)=O)c2cnccc2)C1=O,CN([C@@H]([C@H](C1)C(N(CCC2)C2C([Hg])=O)=O)c2cnccc2)C1=O,CN([C@@H]([C@H](C1)C(N(CC2)CCC2C([Hg])=O)=O)c2cnccc2)C1=O,CN([C@@H]([C@H](C1)C(N(CCN(C)C2)C2C([Hg])=O)=O)c2cnccc2)C1=O,CN([C@@H]([C@H](C1)C(N(CC([Hg])=O)c2ccc[o]2)=O)c2cnccc2)C1=O,CN([C@@H]([C@H](C1)C(Nc(cc2)ccc2C([Hg])=O)=O)c2cnccc2)C1=O,CN([C@@H]([C@H](C1)C(NC(Cc2ccccc2)C([Hg])=O)=O)c2cnccc2)C1=O,CN([C@@H]([C@H](C1)C(NCc2cccc(CC([Hg])=O)c2)=O)c2cnccc2)C1=O
O[C@H](CC(C([Hg])=O)=C[C@H]1O)[C@@H]1O,CC(C([Hg])=O)NC(C(C[C@H]([C@@H]1O)O)=C[C@H]1O)=O,CCN(CCC([Hg])=O)C(C(C[C@H]([C@@H]1O)O)=C[C@H]1O)=O,O[C@H](CC(C(NC1(COC1)C([Hg])=O)=O)=C[C@H]1O)[C@@H]1O,O[C@H](CC(C(N(CCC1)C1C([Hg])=O)=O)=C[C@H]1O)[C@@H]1O,O[C@H](CC(C(N(CC1)CCC1C([Hg])=O)=O)=C[C@H]1O)[C@@H]1O,CN(CC1)CC(C([Hg])=O)N1C(C(C[C@H]([C@@H]1O)O)=C[C@H]1O)=O,O[C@H](CC(C(N(CC([Hg])=O)c1ccc[o]1)=O)=C[C@H]1O)[C@@H]1O,O[C@H](CC(C(Nc(cc1)ccc1C([Hg])=O)=O)=C[C@H]1O)[C@@H]1O,O[C@H](CC(C(NC(Cc1ccccc1)C([Hg])=O)=O)=C[C@H]1O)[C@@H]1O,O[C@H](CC(C(NCc1cccc(CC([Hg])=O)c1)=O)=C[C@H]1O)[C@@H]1O
CC1(C)C(C)(C)C1C([Hg])=O,CC(C([Hg])=O)NC(C1C(C)(C)C1(C)C)=O,CCN(CCC([Hg])=O)C(C1C(C)(C)C1(C)C)=O,CC1(C)C(C)(C)C1C(NC1(COC1)C([Hg])=O)=O,CC1(C)C(C)(C)C1C(N(CCC1)C1C([Hg])=O)=O,CC1(C)C(C)(C)C1C(N(CC1)CCC1C([Hg])=O)=O,CC1(C)C(C)(C)C1C(N(CCN(C)C1)C1C([Hg])=O)=O,CC1(C)C(C)(C)C1C(N(CC([Hg])=O)c1ccc[o]1)=O,CC1(C)C(C)(C)C1C(Nc(cc1)ccc1C([Hg])=O)=O,CC1(C)C(C)(C)C1C(NC(Cc1ccccc1)C([Hg])=O)=O,CC1(C)C(C)(C)C1C(NCc1cccc(CC([Hg])=O)c1)=O
O=C(c1cc(cc(cc2)Br)c2[nH]1)[Hg],CC(C([Hg])=O)NC(c1cc(cc(cc2)Br)c2[nH]1)=O,CCN(CCC([Hg])=O)C(c1cc(cc(cc2)Br)c2[nH]1)=O,O=C(C1(COC1)NC(c1cc(cc(cc2)Br)c2[nH]1)=O)[Hg],O=C(C(CCC1)N1C(c1cc(cc(cc2)Br)c2[nH]1)=O)[Hg],O=C(C(CC1)CCN1C(c1cc(cc(cc2)Br)c2[nH]1)=O)[Hg],CN(CC1)CC(C([Hg])=O)N1C(c1cc(cc(cc2)Br)c2[nH]1)=O,O=C(CN(C(c1cc(cc(cc2)Br)c2[nH]1)=O)c1ccc[o]1)[Hg],O=C(c1cc(cc(cc2)Br)c2[nH]1)Nc(cc1)ccc1C([Hg])=O,O=C(C(Cc1ccccc1)NC(c1cc(cc(cc2)Br)c2[nH]1)=O)[Hg],O=C(Cc1cc(CNC(c2cc(cc(cc3)Br)c3[nH]2)=O)ccc1)[Hg]
COc(cc1)cc2c1[o]c(C([Hg])=O)c2,CC(C([Hg])=O)NC(c1cc(cc(cc2)OC)c2[o]1)=O,CCN(CCC([Hg])=O)C(c1cc(cc(cc2)OC)c2[o]1)=O,COc(cc1)cc2c1[o]c(C(NC1(COC1)C([Hg])=O)=O)c2,COc(cc1)cc2c1[o]c(C(N(CCC1)C1C([Hg])=O)=O)c2,COc(cc1)cc2c1[o]c(C(N(CC1)CCC1C([Hg])=O)=O)c2,CN(CC1)CC(C([Hg])=O)N1C(c1cc(cc(cc2)OC)c2[o]1)=O,COc(cc1)cc2c1[o]c(C(N(CC([Hg])=O)c1ccc[o]1)=O)c2,COc(cc1)cc2c1[o]c(C(Nc(cc1)ccc1C([Hg])=O)=O)c2,COc(cc1)cc2c1[o]c(C(NC(Cc1ccccc1)C([Hg])=O)=O)c2,COc(cc1)cc2c1[o]c(C(NCc1cccc(CC([Hg])=O)c1)=O)c2
CC(C)CN(CC(C1)C([Hg])=O)C1=O,CC(C)CN(CC(C1)C(NC(C)C([Hg])=O)=O)C1=O,CCN(CCC([Hg])=O)C(C(C1)CN(CC(C)C)C1=O)=O,CC(C)CN(CC(C1)C(NC2(COC2)C([Hg])=O)=O)C1=O,CC(C)CN(CC(C1)C(N(CCC2)C2C([Hg])=O)=O)C1=O,CC(C)CN(CC(C1)C(N(CC2)CCC2C([Hg])=O)=O)C1=O,CC(C)CN(CC(C1)C(N(CCN(C)C2)C2C([Hg])=O)=O)C1=O,CC(C)CN(CC(C1)C(N(CC([Hg])=O)c2ccc[o]2)=O)C1=O,CC(C)CN(CC(C1)C(Nc(cc2)ccc2C([Hg])=O)=O)C1=O,CC(C)CN(CC(C1)C(NC(Cc2ccccc2)C([Hg])=O)=O)C1=O,CC(C)CN(CC(C1)C(NCc2cccc(CC([Hg])=O)c2)=O)C1=O
COc1cccc(-[n]2ncc(C([Hg])=O)c2)c1,CC(C([Hg])=O)NC(c1c[n](-c2cc(OC)ccc2)nc1)=O,CCN(CCC([Hg])=O)C(c1c[n](-c2cc(OC)ccc2)nc1)=O,COc1cccc(-[n]2ncc(C(NC3(COC3)C([Hg])=O)=O)c2)c1,COc1cccc(-[n]2ncc(C(N(CCC3)C3C([Hg])=O)=O)c2)c1,COc1cccc(-[n]2ncc(C(N(CC3)CCC3C([Hg])=O)=O)c2)c1,CN(CC1)CC(C([Hg])=O)N1C(c1c[n](-c2cc(OC)ccc2)nc1)=O,COc1cccc(-[n]2ncc(C(N(CC([Hg])=O)c3ccc[o]3)=O)c2)c1,COc1cccc(-[n]2ncc(C(Nc(cc3)ccc3C([Hg])=O)=O)c2)c1,COc1cccc(-[n]2ncc(C(NC(Cc3ccccc3)C([Hg])=O)=O)c2)c1,COc1cccc(-[n]2ncc(C(NCc3cccc(CC([Hg])=O)c3)=O)c2)c1
O=C(C(C1)CN(Cc2cnccc2)C1=O)[Hg],CC(C([Hg])=O)NC(C(C1)CN(Cc2cnccc2)C1=O)=O,CCN(CCC([Hg])=O)C(C(C1)CN(Cc2cnccc2)C1=O)=O,O=C(C(C1)CN(Cc2cnccc2)C1=O)NC1(COC1)C([Hg])=O,O=C(C(C1)CN(Cc2cnccc2)C1=O)N(CCC1)C1C([Hg])=O,O=C(C(C1)CN(Cc2cnccc2)C1=O)N(CC1)CCC1C([Hg])=O,CN(CC1)CC(C([Hg])=O)N1C(C(C1)CN(Cc2cnccc2)C1=O)=O,O=C(CN(C(C(C1)CN(Cc2cnccc2)C1=O)=O)c1ccc[o]1)[Hg],O=C(C(C1)CN(Cc2cnccc2)C1=O)Nc(cc1)ccc1C([Hg])=O,O=C(C(Cc1ccccc1)NC(C(C1)CN(Cc2cnccc2)C1=O)=O)[Hg],O=C(Cc1cc(CNC(C(C2)CN(Cc3cnccc3)C2=O)=O)ccc1)[Hg]
COc1cccc(C2)c1OCC2C([Hg])=O,CC(C([Hg])=O)NC(C(C1)COc2c1cccc2OC)=O,CCN(CCC([Hg])=O)C(C(C1)COc2c1cccc2OC)=O,COc1cccc(C2)c1OCC2C(NC1(COC1)C([Hg])=O)=O,COc1cccc(C2)c1OCC2C(N(CCC1)C1C([Hg])=O)=O,COc1cccc(C2)c1OCC2C(N(CC1)CCC1C([Hg])=O)=O,CN(CC1)CC(C([Hg])=O)N1C(C(C1)COc2c1cccc2OC)=O,COc1cccc(C2)c1OCC2C(N(CC([Hg])=O)c1ccc[o]1)=O,COc1cccc(C2)c1OCC2C(Nc(cc1)ccc1C([Hg])=O)=O,COc1cccc(C2)c1OCC2C(NC(Cc1ccccc1)C([Hg])=O)=O,COc1cccc(C2)c1OCC2C(NCc1cccc(CC([Hg])=O)c1)=O
CC(c1c(C)[n](CC([Hg])=O)nc1C)=O,CC(C([Hg])=O)NC(C[n]1nc(C)c(C(C)=O)c1C)=O,CCN(CCC([Hg])=O)C(C[n]1nc(C)c(C(C)=O)c1C)=O,CC(c1c(C)[n](CC(NC2(COC2)C([Hg])=O)=O)nc1C)=O,CC(c1c(C)[n](CC(N(CCC2)C2C([Hg])=O)=O)nc1C)=O,CC(c1c(C)[n](CC(N(CC2)CCC2C([Hg])=O)=O)nc1C)=O,CC(c1c(C)[n](CC(N(CCN(C)C2)C2C([Hg])=O)=O)nc1C)=O,CC(c1c(C)[n](CC(N(CC([Hg])=O)c2ccc[o]2)=O)nc1C)=O,CC(c1c(C)[n](CC(Nc(cc2)ccc2C([Hg])=O)=O)nc1C)=O,CC(c1c(C)[n](CC(NC(Cc2ccccc2)C([Hg])=O)=O)nc1C)=O,CC(c1c(C)[n](CC(NCc2cccc(CC([Hg])=O)c2)=O)nc1C)=O
O=C(C1CC=CCC1)Nc(cc1)ccc1C([Hg])=O,CC(C([Hg])=O)NC(c(cc1)ccc1NC(C1CC=CCC1)=O)=O,CCN(CCC([Hg])=O)C(c(cc1)ccc1NC(C1CC=CCC1)=O)=O,O=C(C1CC=CCC1)Nc(cc1)ccc1C(NC1(COC1)C([Hg])=O)=O,O=C(C(CCC1)N1C(c(cc1)ccc1NC(C1CC=CCC1)=O)=O)[Hg],O=C(C1CC=CCC1)Nc(cc1)ccc1C(N(CC1)CCC1C([Hg])=O)=O,CN(CC1)CC(C([Hg])=O)N1C(c(cc1)ccc1NC(C1CC=CCC1)=O)=O,O=C(CN(C(c(cc1)ccc1NC(C1CC=CCC1)=O)=O)c1ccc[o]1)[Hg],O=C(C1CC=CCC1)Nc(cc1)ccc1C(Nc(cc1)ccc1C([Hg])=O)=O,O=C(C(Cc1ccccc1)NC(c(cc1)ccc1NC(C1CC=CCC1)=O)=O)[Hg],O=C(Cc1cc(CNC(c(cc2)ccc2NC(C2CC=CCC2)=O)=O)ccc1)[Hg]
CC(C)c1nc(C)c(C([Hg])=O)[s]1,CC(C)c1nc(C)c(C(NC(C)C([Hg])=O)=O)[s]1,CCN(CCC([Hg])=O)C(c1c(C)nc(C(C)C)[s]1)=O,CC(C)c1nc(C)c(C(NC2(COC2)C([Hg])=O)=O)[s]1,CC(C)c1nc(C)c(C(N(CCC2)C2C([Hg])=O)=O)[s]1,CC(C)c1nc(C)c(C(N(CC2)CCC2C([Hg])=O)=O)[s]1,CC(C)c1nc(C)c(C(N(CCN(C)C2)C2C([Hg])=O)=O)[s]1,CC(C)c1nc(C)c(C(N(CC([Hg])=O)c2ccc[o]2)=O)[s]1,CC(C)c1nc(C)c(C(Nc(cc2)ccc2C([Hg])=O)=O)[s]1,CC(C)c1nc(C)c(C(NC(Cc2ccccc2)C([Hg])=O)=O)[s]1,CC(C)c1nc(C)c(C(NCc2cccc(CC([Hg])=O)c2)=O)[s]1
Oc(cccc1)c1-c1n[nH]c(C([Hg])=O)c1,CC(C([Hg])=O)NC(c1cc(-c(cccc2)c2O)n[nH]1)=O,CCN(CCC([Hg])=O)C(c1cc(-c(cccc2)c2O)n[nH]1)=O,Oc(cccc1)c1-c1n[nH]c(C(NC2(COC2)C([Hg])=O)=O)c1,Oc(cccc1)c1-c1n[nH]c(C(N(CCC2)C2C([Hg])=O)=O)c1,Oc(cccc1)c1-c1n[nH]c(C(N(CC2)CCC2C([Hg])=O)=O)c1,CN(CC1)CC(C([Hg])=O)N1C(c1cc(-c(cccc2)c2O)n[nH]1)=O,Oc(cccc1)c1-c1n[nH]c(C(N(CC([Hg])=O)c2ccc[o]2)=O)c1,Oc(cccc1)c1-c1n[nH]c(C(Nc(cc2)ccc2C([Hg])=O)=O)c1,Oc(cccc1)c1-c1n[nH]c(C(NC(Cc2ccccc2)C([Hg])=O)=O)c1,Oc(cccc1)c1-c1n[nH]c(C(NCc2cccc(CC([Hg])=O)c2)=O)c1
CCC(N(CCC1)CC1C([Hg])=O)=O,CCC(N(CCC1)CC1C(NC(C)C([Hg])=O)=O)=O,CCC(N(CCC1)CC1C(N(CC)CCC([Hg])=O)=O)=O,CCC(N(CCC1)CC1C(NC1(COC1)C([Hg])=O)=O)=O,CCC(N(CCC1)CC1C(N(CCC1)C1C([Hg])=O)=O)=O,CCC(N(CCC1)CC1C(N(CC1)CCC1C([Hg])=O)=O)=O,CCC(N(CCC1)CC1C(N(CCN(C)C1)C1C([Hg])=O)=O)=O,CCC(N(CCC1)CC1C(N(CC([Hg])=O)c1ccc[o]1)=O)=O,CCC(N(CCC1)CC1C(Nc(cc1)ccc1C([Hg])=O)=O)=O,CCC(N(CCC1)CC1C(NC(Cc1ccccc1)C([Hg])=O)=O)=O,CCC(N(CCC1)CC1C(NCc1cccc(CC([Hg])=O)c1)=O)=O
COc(cc1)cc(C(c(cc2)ccc2C([Hg])=O)=O)c1OC,CC(C([Hg])=O)NC(c(cc1)ccc1C(c(cc(cc1)OC)c1OC)=O)=O,CCN(CCC([Hg])=O)C(c(cc1)ccc1C(c(cc(cc1)OC)c1OC)=O)=O,COc(cc1)cc(C(c(cc2)ccc2C(NC2(COC2)C([Hg])=O)=O)=O)c1OC,COc(cc1)cc(C(c(cc2)ccc2C(N(CCC2)C2C([Hg])=O)=O)=O)c1OC,COc(cc1)cc(C(c(cc2)ccc2C(N(CC2)CCC2C([Hg])=O)=O)=O)c1OC,CN(CC1)CC(C([Hg])=O)N1C(c(cc1)ccc1C(c(cc(cc1)OC)c1OC)=O)=O,COc(cc1)cc(C(c(cc2)ccc2C(N(CC([Hg])=O)c2ccc[o]2)=O)=O)c1OC,COc(cc1)cc(C(c(cc2)ccc2C(Nc(cc2)ccc2C([Hg])=O)=O)=O)c1OC,COc(cc1)cc(C(c(cc2)ccc2C(NC(Cc2ccccc2)C([Hg])=O)=O)=O)c1OC,COc(cc1)cc(C(c(cc2)ccc2C(NCc2cccc(CC([Hg])=O)c2)=O)=O)c1OC
COc(ccc(N(CC(C1)C([Hg])=O)C1=O)c1)c1Cl,CC(C([Hg])=O)NC(C(CC1=O)CN1c(cc1)cc(Cl)c1OC)=O,CCN(CCC([Hg])=O)C(C(CC1=O)CN1c(cc1)cc(Cl)c1OC)=O,COc(ccc(N(CC(C1)C(NC2(COC2)C([Hg])=O)=O)C1=O)c1)c1Cl,COc(ccc(N(CC(C1)C(N(CCC2)C2C([Hg])=O)=O)C1=O)c1)c1Cl,COc(ccc(N(CC(C1)C(N(CC2)CCC2C([Hg])=O)=O)C1=O)c1)c1Cl,CN(CC1)CC(C([Hg])=O)N1C(C(CC1=O)CN1c(cc1)cc(Cl)c1OC)=O,COc(ccc(N(CC(C1)C(N(CC([Hg])=O)c2ccc[o]2)=O)C1=O)c1)c1Cl,COc(ccc(N(CC(C1)C(Nc(cc2)ccc2C([Hg])=O)=O)C1=O)c1)c1Cl,COc(ccc(N(CC(C1)C(NC(Cc2ccccc2)C([Hg])=O)=O)C1=O)c1)c1Cl,COc(ccc(N(CC(C1)C(NCc2cccc(CC([Hg])=O)c2)=O)C1=O)c1)c1Cl
CC(CC1)CCN1c(ccc(C([Hg])=O)c1)c1[N+]([O-])=O,CC(C([Hg])=O)NC(c(cc1)cc([N+]([O-])=O)c1N1CCC(C)CC1)=O,CCN(CCC([Hg])=O)C(c(cc1)cc([N+]([O-])=O)c1N1CCC(C)CC1)=O,CC(CC1)CCN1c(ccc(C(NC1(COC1)C([Hg])=O)=O)c1)c1[N+]([O-])=O,CC(CC1)CCN1c(ccc(C(N(CCC1)C1C([Hg])=O)=O)c1)c1[N+]([O-])=O,CC(CC1)CCN1c(ccc(C(N(CC1)CCC1C([Hg])=O)=O)c1)c1[N+]([O-])=O,CC(CC1)CCN1c(ccc(C(N(CCN(C)C1)C1C([Hg])=O)=O)c1)c1[N+]([O-])=O,CC(CC1)CCN1c(ccc(C(N(CC([Hg])=O)c1ccc[o]1)=O)c1)c1[N+]([O-])=O,CC(CC1)CCN1c(ccc(C(Nc(cc1)ccc1C([Hg])=O)=O)c1)c1[N+]([O-])=O,CC(CC1)CCN1c(ccc(C(NC(Cc1ccccc1)C([Hg])=O)=O)c1)c1[N+]([O-])=O,CC(CC1)CCN1c(ccc(C(NCc1cccc(CC([Hg])=O)c1)=O)c1)c1[N+]([O-])=O
COc(cc1)ccc1-c1cc(C([Hg])=O)n[nH]1,CC(C([Hg])=O)NC(c1n[nH]c(-c(cc2)ccc2OC)c1)=O,CCN(CCC([Hg])=O)C(c1n[nH]c(-c(cc2)ccc2OC)c1)=O,COc(cc1)ccc1-c1cc(C(NC2(COC2)C([Hg])=O)=O)n[nH]1,COc(cc1)ccc1-c1cc(C(N(CCC2)C2C([Hg])=O)=O)n[nH]1,COc(cc1)ccc1-c1cc(C(N(CC2)CCC2C([Hg])=O)=O)n[nH]1,CN(CC1)CC(C([Hg])=O)N1C(c1n[nH]c(-c(cc2)ccc2OC)c1)=O,COc(cc1)ccc1-c1cc(C(N(CC([Hg])=O)c2ccc[o]2)=O)n[nH]1,COc(cc1)ccc1-c1cc(C(Nc(cc2)ccc2C([Hg])=O)=O)n[nH]1,COc(cc1)ccc1-c1cc(C(NC(Cc2ccccc2)C([Hg])=O)=O)n[nH]1,COc(cc1)ccc1-c1cc(C(NCc2cccc(CC([Hg])=O)c2)=O)n[nH]1
[O-][N+](c(cc1)ccc1C(N(CC1)CCC1C([Hg])=O)=O)=O,CC(C([Hg])=O)NC(C(CC1)CCN1C(c(cc1)ccc1[N+]([O-])=O)=O)=O,CCN(CCC([Hg])=O)C(C(CC1)CCN1C(c(cc1)ccc1[N+]([O-])=O)=O)=O,[O-][N+](c(cc1)ccc1C(N(CC1)CCC1C(NC1(COC1)C([Hg])=O)=O)=O)=O,[O-][N+](c(cc1)ccc1C(N(CC1)CCC1C(N(CCC1)C1C([Hg])=O)=O)=O)=O,[O-][N+](c(cc1)ccc1C(N(CC1)CCC1C(N(CC1)CCC1C([Hg])=O)=O)=O)=O,CN(CC1)CC(C([Hg])=O)N1C(C(CC1)CCN1C(c(cc1)ccc1[N+]([O-])=O)=O)=O,[O-][N+](c(cc1)ccc1C(N(CC1)CCC1C(N(CC([Hg])=O)c1ccc[o]1)=O)=O)=O,[O-][N+](c(cc1)ccc1C(N(CC1)CCC1C(Nc(cc1)ccc1C([Hg])=O)=O)=O)=O,[O-][N+](c(cc1)ccc1C(N(CC1)CCC1C(NC(Cc1ccccc1)C([Hg])=O)=O)=O)=O,[O-][N+](c(cc1)ccc1C(N(CC1)CCC1C(NCc1cccc(CC([Hg])=O)c1)=O)=O)=O
O=C(CCCc1nc(-c2ccncc2)n[o]1)[Hg],CC(C([Hg])=O)NC(CCCc1nc(-c2ccncc2)n[o]1)=O,CCN(CCC([Hg])=O)C(CCCc1nc(-c2ccncc2)n[o]1)=O,O=C(CCCc1nc(-c2ccncc2)n[o]1)NC1(COC1)C([Hg])=O,O=C(CCCc1nc(-c2ccncc2)n[o]1)N(CCC1)C1C([Hg])=O,O=C(CCCc1nc(-c2ccncc2)n[o]1)N(CC1)CCC1C([Hg])=O,CN(CC1)CC(C([Hg])=O)N1C(CCCc1nc(-c2ccncc2)n[o]1)=O,O=C(CCCc1nc(-c2ccncc2)n[o]1)N(CC([Hg])=O)c1ccc[o]1,O=C(CCCc1nc(-c2ccncc2)n[o]1)Nc(cc1)ccc1C([Hg])=O,O=C(CCCc1nc(-c2ccncc2)n[o]1)NC(Cc1ccccc1)C([Hg])=O,O=C(CCCc1nc(-c2ccncc2)n[o]1)NCc1cccc(CC([Hg])=O)c1
Cc(ccc(C([Hg])=O)c1)c1NC(C1OCCC1)=O,CC(C([Hg])=O)NC(c1cc(NC(C2OCCC2)=O)c(C)cc1)=O,CCN(CCC([Hg])=O)C(c1cc(NC(C2OCCC2)=O)c(C)cc1)=O,Cc(ccc(C(NC1(COC1)C([Hg])=O)=O)c1)c1NC(C1OCCC1)=O,Cc(ccc(C(N(CCC1)C1C([Hg])=O)=O)c1)c1NC(C1OCCC1)=O,Cc(ccc(C(N(CC1)CCC1C([Hg])=O)=O)c1)c1NC(C1OCCC1)=O,Cc(ccc(C(N(CCN(C)C1)C1C([Hg])=O)=O)c1)c1NC(C1OCCC1)=O,Cc(ccc(C(N(CC([Hg])=O)c1ccc[o]1)=O)c1)c1NC(C1OCCC1)=O,Cc(ccc(C(Nc(cc1)ccc1C([Hg])=O)=O)c1)c1NC(C1OCCC1)=O,Cc(ccc(C(NC(Cc1ccccc1)C([Hg])=O)=O)c1)c1NC(C1OCCC1)=O,Cc(ccc(C(NCc1cccc(CC([Hg])=O)c1)=O)c1)c1NC(C1OCCC1)=O
O=C(C1CCCC1)Nc1cccc(C([Hg])=O)c1,CC(C([Hg])=O)NC(c1cc(NC(C2CCCC2)=O)ccc1)=O,CCN(CCC([Hg])=O)C(c1cc(NC(C2CCCC2)=O)ccc1)=O,O=C(C1CCCC1)Nc1cccc(C(NC2(COC2)C([Hg])=O)=O)c1,O=C(C1CCCC1)Nc1cccc(C(N(CCC2)C2C([Hg])=O)=O)c1,O=C(C1CCCC1)Nc1cccc(C(N(CC2)CCC2C([Hg])=O)=O)c1,CN(CC1)CC(C([Hg])=O)N1C(c1cc(NC(C2CCCC2)=O)ccc1)=O,O=C(CN(C(c1cc(NC(C2CCCC2)=O)ccc1)=O)c1ccc[o]1)[Hg],O=C(C1CCCC1)Nc1cccc(C(Nc(cc2)ccc2C([Hg])=O)=O)c1,O=C(C(Cc1ccccc1)NC(c1cc(NC(C2CCCC2)=O)ccc1)=O)[Hg],O=C(Cc1cc(CNC(c2cc(NC(C3CCCC3)=O)ccc2)=O)ccc1)[Hg]
CN(C)C(N(CC1)CCC1C([Hg])=O)=O,CC(C([Hg])=O)NC(C(CC1)CCN1C(N(C)C)=O)=O,CCN(CCC([Hg])=O)C(C(CC1)CCN1C(N(C)C)=O)=O,CN(C)C(N(CC1)CCC1C(NC1(COC1)C([Hg])=O)=O)=O,CN(C)C(N(CC1)CCC1C(N(CCC1)C1C([Hg])=O)=O)=O,CN(C)C(N(CC1)CCC1C(N(CC1)CCC1C([Hg])=O)=O)=O,CN(C)C(N(CC1)CCC1C(N(CCN(C)C1)C1C([Hg])=O)=O)=O,CN(C)C(N(CC1)CCC1C(N(CC([Hg])=O)c1ccc[o]1)=O)=O,CN(C)C(N(CC1)CCC1C(Nc(cc1)ccc1C([Hg])=O)=O)=O,CN(C)C(N(CC1)CCC1C(NC(Cc1ccccc1)C([Hg])=O)=O)=O,CN(C)C(N(CC1)CCC1C(NCc1cccc(CC([Hg])=O)c1)=O)=O
O=C(c1ccc[o]1)[Hg],CC(C([Hg])=O)NC(c1ccc[o]1)=O,CCN(CCC([Hg])=O)C(c1ccc[o]1)=O,O=C(C1(COC1)NC(c1ccc[o]1)=O)[Hg],O=C(C(CCC1)N1C(c1ccc[o]1)=O)[Hg],O=C(C(CC1)CCN1C(c1ccc[o]1)=O)[Hg],CN(CC1)CC(C([Hg])=O)N1C(c1ccc[o]1)=O,O=C(CN(C(c1ccc[o]1)=O)c1ccc[o]1)[Hg],O=C(c1ccc[o]1)Nc(cc1)ccc1C([Hg])=O,O=C(C(Cc1ccccc1)NC(c1ccc[o]1)=O)[Hg],O=C(Cc1cc(CNC(c2ccc[o]2)=O)ccc1)[Hg]
O=C(c1ccc(C#Cc2ccccc2)[o]1)[Hg],CC(C([Hg])=O)NC(c1ccc(C#Cc2ccccc2)[o]1)=O,CCN(CCC([Hg])=O)C(c1ccc(C#Cc2ccccc2)[o]1)=O,O=C(C1(COC1)NC(c1ccc(C#Cc2ccccc2)[o]1)=O)[Hg],O=C(C(CCC1)N1C(c1ccc(C#Cc2ccccc2)[o]1)=O)[Hg],O=C(C(CC1)CCN1C(c1ccc(C#Cc2ccccc2)[o]1)=O)[Hg],CN(CC1)CC(C([Hg])=O)N1C(c1ccc(C#Cc2ccccc2)[o]1)=O,O=C(CN(C(c1ccc(C#Cc2ccccc2)[o]1)=O)c1ccc[o]1)[Hg],O=C(c1ccc(C#Cc2ccccc2)[o]1)Nc(cc1)ccc1C([Hg])=O,O=C(C(Cc1ccccc1)NC(c1ccc(C#Cc2ccccc2)[o]1)=O)[Hg],O=C(Cc1cc(CNC(c2ccc(C#Cc3ccccc3)[o]2)=O)ccc1)[Hg]
Cc([o]c(S(N(C)C)(=O)=O)c1)c1C([Hg])=O,CC(C([Hg])=O)NC(c1c(C)[o]c(S(N(C)C)(=O)=O)c1)=O,CCN(CCC([Hg])=O)C(c1c(C)[o]c(S(N(C)C)(=O)=O)c1)=O,Cc([o]c(S(N(C)C)(=O)=O)c1)c1C(NC1(COC1)C([Hg])=O)=O,Cc([o]c(S(N(C)C)(=O)=O)c1)c1C(N(CCC1)C1C([Hg])=O)=O,Cc([o]c(S(N(C)C)(=O)=O)c1)c1C(N(CC1)CCC1C([Hg])=O)=O,Cc([o]c(S(N(C)C)(=O)=O)c1)c1C(N(CCN(C)C1)C1C([Hg])=O)=O,Cc([o]c(S(N(C)C)(=O)=O)c1)c1C(N(CC([Hg])=O)c1ccc[o]1)=O,Cc([o]c(S(N(C)C)(=O)=O)c1)c1C(Nc(cc1)ccc1C([Hg])=O)=O,Cc([o]c(S(N(C)C)(=O)=O)c1)c1C(NC(Cc1ccccc1)C([Hg])=O)=O,Cc([o]c(S(N(C)C)(=O)=O)c1)c1C(NCc1cccc(CC([Hg])=O)c1)=O
O=C(c1c[o]cc1)[Hg],CC(C([Hg])=O)NC(c1c[o]cc1)=O,CCN(CCC([Hg])=O)C(c1c[o]cc1)=O,O=C(C1(COC1)NC(c1c[o]cc1)=O)[Hg],O=C(C(CCC1)N1C(c1c[o]cc1)=O)[Hg],O=C(C(CC1)CCN1C(c1c[o]cc1)=O)[Hg],CN(CC1)CC(C([Hg])=O)N1C(c1c[o]cc1)=O,O=C(CN(C(c1c[o]cc1)=O)c1ccc[o]1)[Hg],O=C(c1c[o]cc1)Nc(cc1)ccc1C([Hg])=O,O=C(C(Cc1ccccc1)NC(c1c[o]cc1)=O)[Hg],O=C(Cc1cc(CNC(c2c[o]cc2)=O)ccc1)[Hg]
Cc1ccc(C([Hg])=O)[s]1,CC(C([Hg])=O)NC(c1ccc(C)[s]1)=O,CCN(CCC([Hg])=O)C(c1ccc(C)[s]1)=O,Cc1ccc(C(NC2(COC2)C([Hg])=O)=O)[s]1,Cc1ccc(C(N(CCC2)C2C([Hg])=O)=O)[s]1,Cc1ccc(C(N(CC2)CCC2C([Hg])=O)=O)[s]1,Cc1ccc(C(N(CCN(C)C2)C2C([Hg])=O)=O)[s]1,Cc1ccc(C(N(CC([Hg])=O)c2ccc[o]2)=O)[s]1,Cc1ccc(C(Nc(cc2)ccc2C([Hg])=O)=O)[s]1,Cc1ccc(C(NC(Cc2ccccc2)C([Hg])=O)=O)[s]1,Cc1ccc(C(NCc2cccc(CC([Hg])=O)c2)=O)[s]1
Cc1c(C([Hg])=O)[s]c(C)n1,CC(C([Hg])=O)NC(c1c(C)nc(C)[s]1)=O,CCN(CCC([Hg])=O)C(c1c(C)nc(C)[s]1)=O,Cc1c(C(NC2(COC2)C([Hg])=O)=O)[s]c(C)n1,Cc1c(C(N(CCC2)C2C([Hg])=O)=O)[s]c(C)n1,Cc1c(C(N(CC2)CCC2C([Hg])=O)=O)[s]c(C)n1,Cc1c(C(N(CCN(C)C2)C2C([Hg])=O)=O)[s]c(C)n1,Cc1c(C(N(CC([Hg])=O)c2ccc[o]2)=O)[s]c(C)n1,Cc1c(C(Nc(cc2)ccc2C([Hg])=O)=O)[s]c(C)n1,Cc1c(C(NC(Cc2ccccc2)C([Hg])=O)=O)[s]c(C)n1,Cc1c(C(NCc2cccc(CC([Hg])=O)c2)=O)[s]c(C)n1
Cc1cccnc1C([Hg])=O,CC(C([Hg])=O)NC(c1ncccc1C)=O,CCN(CCC([Hg])=O)C(c1ncccc1C)=O,Cc1cccnc1C(NC1(COC1)C([Hg])=O)=O,Cc1cccnc1C(N(CCC1)C1C([Hg])=O)=O,Cc1cccnc1C(N(CC1)CCC1C([Hg])=O)=O,Cc1cccnc1C(N(CCN(C)C1)C1C([Hg])=O)=O,Cc1cccnc1C(N(CC([Hg])=O)c1ccc[o]1)=O,Cc1cccnc1C(Nc(cc1)ccc1C([Hg])=O)=O,Cc1cccnc1C(NC(Cc1ccccc1)C([Hg])=O)=O,Cc1cccnc1C(NCc1cccc(CC([Hg])=O)c1)=O
CCOc(nccc1)c1C([Hg])=O,CCOc(nccc1)c1C(NC(C)C([Hg])=O)=O,CCN(CCC([Hg])=O)C(c(cccn1)c1OCC)=O,CCOc(nccc1)c1C(NC1(COC1)C([Hg])=O)=O,CCOc(nccc1)c1C(N(CCC1)C1C([Hg])=O)=O,CCOc(nccc1)c1C(N(CC1)CCC1C([Hg])=O)=O,CCOc(nccc1)c1C(N(CCN(C)C1)C1C([Hg])=O)=O,CCOc(nccc1)c1C(N(CC([Hg])=O)c1ccc[o]1)=O,CCOc(nccc1)c1C(Nc(cc1)ccc1C([Hg])=O)=O,CCOc(nccc1)c1C(NC(Cc1ccccc1)C([Hg])=O)=O,CCOc(nccc1)c1C(NCc1cccc(CC([Hg])=O)c1)=O
Oc(cc1)ncc1C([Hg])=O,CC(C([Hg])=O)NC(c(cc1)cnc1O)=O,CCN(CCC([Hg])=O)C(c(cc1)cnc1O)=O,Oc(cc1)ncc1C(NC1(COC1)C([Hg])=O)=O,Oc(cc1)ncc1C(N(CCC1)C1C([Hg])=O)=O,Oc(cc1)ncc1C(N(CC1)CCC1C([Hg])=O)=O,CN(CC1)CC(C([Hg])=O)N1C(c(cc1)cnc1O)=O,Oc(cc1)ncc1C(N(CC([Hg])=O)c1ccc[o]1)=O,Oc(cc1)ncc1C(Nc(cc1)ccc1C([Hg])=O)=O,Oc(cc1)ncc1C(NC(Cc1ccccc1)C([Hg])=O)=O,Oc(cc1)ncc1C(NCc1cccc(CC([Hg])=O)c1)=O
Cc(cc1)ncc1C([Hg])=O,CC(C([Hg])=O)NC(c1cnc(C)cc1)=O,CCN(CCC([Hg])=O)C(c1cnc(C)cc1)=O,Cc(cc1)ncc1C(NC1(COC1)C([Hg])=O)=O,Cc(cc1)ncc1C(N(CCC1)C1C([Hg])=O)=O,Cc(cc1)ncc1C(N(CC1)CCC1C([Hg])=O)=O,Cc(cc1)ncc1C(N(CCN(C)C1)C1C([Hg])=O)=O,Cc(cc1)ncc1C(N(CC([Hg])=O)c1ccc[o]1)=O,Cc(cc1)ncc1C(Nc(cc1)ccc1C([Hg])=O)=O,Cc(cc1)ncc1C(NC(Cc1ccccc1)C([Hg])=O)=O,Cc(cc1)ncc1C(NCc1cccc(CC([Hg])=O)c1)=O
CSc(nccc1)c1C([Hg])=O,CC(C([Hg])=O)NC(c(cccn1)c1SC)=O,CCN(CCC([Hg])=O)C(c(cccn1)c1SC)=O,CSc(nccc1)c1C(NC1(COC1)C([Hg])=O)=O,CSc(nccc1)c1C(N(CCC1)C1C([Hg])=O)=O,CSc(nccc1)c1C(N(CC1)CCC1C([Hg])=O)=O,CN(CC1)CC(C([Hg])=O)N1C(c(cccn1)c1SC)=O,CSc(nccc1)c1C(N(CC([Hg])=O)c1ccc[o]1)=O,CSc(nccc1)c1C(Nc(cc1)ccc1C([Hg])=O)=O,CSc(nccc1)c1C(NC(Cc1ccccc1)C([Hg])=O)=O,CSc(nccc1)c1C(NCc1cccc(CC([Hg])=O)c1)=O
O=C(c(cccn1)c1Oc1ccccc1)[Hg],CC(C([Hg])=O)NC(c(cccn1)c1Oc1ccccc1)=O,CCN(CCC([Hg])=O)C(c(cccn1)c1Oc1ccccc1)=O,O=C(C1(COC1)NC(c(cccn1)c1Oc1ccccc1)=O)[Hg],O=C(C(CCC1)N1C(c(cccn1)c1Oc1ccccc1)=O)[Hg],O=C(C(CC1)CCN1C(c(cccn1)c1Oc1ccccc1)=O)[Hg],CN(CC1)CC(C([Hg])=O)N1C(c(cccn1)c1Oc1ccccc1)=O,O=C(CN(C(c(cccn1)c1Oc1ccccc1)=O)c1ccc[o]1)[Hg],O=C(c(cccn1)c1Oc1ccccc1)Nc(cc1)ccc1C([Hg])=O,O=C(C(Cc1ccccc1)NC(c(cccn1)c1Oc1ccccc1)=O)[Hg],O=C(Cc1cc(CNC(c(cccn2)c2Oc2ccccc2)=O)ccc1)[Hg]
O=C(c(cc1)ncc1Br)[Hg],CC(C([Hg])=O)NC(c(cc1)ncc1Br)=O,CCN(CCC([Hg])=O)C(c(cc1)ncc1Br)=O,O=C(C1(COC1)NC(c(cc1)ncc1Br)=O)[Hg],O=C(C(CCC1)N1C(c(cc1)ncc1Br)=O)[Hg],O=C(C(CC1)CCN1C(c(cc1)ncc1Br)=O)[Hg],CN(CC1)CC(C([Hg])=O)N1C(c(cc1)ncc1Br)=O,O=C(CN(C(c(cc1)ncc1Br)=O)c1ccc[o]1)[Hg],O=C(c(cc1)ncc1Br)Nc(cc1)ccc1C([Hg])=O,O=C(C(Cc1ccccc1)NC(c(cc1)ncc1Br)=O)[Hg],O=C(Cc1cc(CNC(c(cc2)ncc2Br)=O)ccc1)[Hg]
CC(C)Oc(cc1)ccc1C([Hg])=O,CC(C)Oc(cc1)ccc1C(NC(C)C([Hg])=O)=O,CCN(CCC([Hg])=O)C(c(cc1)ccc1OC(C)C)=O,CC(C)Oc(cc1)ccc1C(NC1(COC1)C([Hg])=O)=O,CC(C)Oc(cc1)ccc1C(N(CCC1)C1C([Hg])=O)=O,CC(C)Oc(cc1)ccc1C(N(CC1)CCC1C([Hg])=O)=O,CC(C)Oc(cc1)ccc1C(N(CCN(C)C1)C1C([Hg])=O)=O,CC(C)Oc(cc1)ccc1C(N(CC([Hg])=O)c1ccc[o]1)=O,CC(C)Oc(cc1)ccc1C(Nc(cc1)ccc1C([Hg])=O)=O,CC(C)Oc(cc1)ccc1C(NC(Cc1ccccc1)C([Hg])=O)=O,CC(C)Oc(cc1)ccc1C(NCc1cccc(CC([Hg])=O)c1)=O
O=C(c1cccc2c1cccc2)[Hg],CC(C([Hg])=O)NC(c1cccc2c1cccc2)=O,CCN(CCC([Hg])=O)C(c1cccc2c1cccc2)=O,O=C(C1(COC1)NC(c1cccc2c1cccc2)=O)[Hg],O=C(C(CCC1)N1C(c1cccc2c1cccc2)=O)[Hg],O=C(C(CC1)CCN1C(c1cccc2c1cccc2)=O)[Hg],CN(CC1)CC(C([Hg])=O)N1C(c1cccc2c1cccc2)=O,O=C(CN(C(c1cccc2c1cccc2)=O)c1ccc[o]1)[Hg],O=C(c1cccc2c1cccc2)Nc(cc1)ccc1C([Hg])=O,O=C(C(Cc1ccccc1)NC(c1cccc2c1cccc2)=O)[Hg],O=C(Cc1cc(CNC(c2cccc3c2cccc3)=O)ccc1)[Hg]
O=C(c(cc1)ccc1Oc1ccccc1)[Hg],CC(C([Hg])=O)NC(c(cc1)ccc1Oc1ccccc1)=O,CCN(CCC([Hg])=O)C(c(cc1)ccc1Oc1ccccc1)=O,O=C(C1(COC1)NC(c(cc1)ccc1Oc1ccccc1)=O)[Hg],O=C(C(CCC1)N1C(c(cc1)ccc1Oc1ccccc1)=O)[Hg],O=C(C(CC1)CCN1C(c(cc1)ccc1Oc1ccccc1)=O)[Hg],CN(CC1)CC(C([Hg])=O)N1C(c(cc1)ccc1Oc1ccccc1)=O,O=C(CN(C(c(cc1)ccc1Oc1ccccc1)=O)c1ccc[o]1)[Hg],O=C(c(cc1)ccc1Oc1ccccc1)Nc(cc1)ccc1C([Hg])=O,O=C(C(Cc1ccccc1)NC(c(cc1)ccc1Oc1ccccc1)=O)[Hg],O=C(Cc1cc(CNC(c(cc2)ccc2Oc2ccccc2)=O)ccc1)[Hg]
O=C(c(cc1)cc(O2)c1OC2(F)F)[Hg],CC(C([Hg])=O)NC(c(cc1)cc(O2)c1OC2(F)F)=O,CCN(CCC([Hg])=O)C(c(cc1)cc(O2)c1OC2(F)F)=O,O=C(C1(COC1)NC(c(cc1)cc(O2)c1OC2(F)F)=O)[Hg],O=C(C(CCC1)N1C(c(cc1)cc(O2)c1OC2(F)F)=O)[Hg],O=C(C(CC1)CCN1C(c(cc1)cc(O2)c1OC2(F)F)=O)[Hg],CN(CC1)CC(C([Hg])=O)N1C(c(cc1)cc(O2)c1OC2(F)F)=O,O=C(CN(C(c(cc1)cc(O2)c1OC2(F)F)=O)c1ccc[o]1)[Hg],O=C(c(cc1)cc(O2)c1OC2(F)F)Nc(cc1)ccc1C([Hg])=O,O=C(C(Cc1ccccc1)NC(c(cc1)cc(O2)c1OC2(F)F)=O)[Hg],O=C(Cc1cc(CNC(c(cc2)cc(O3)c2OC3(F)F)=O)ccc1)[Hg]
Oc(cc1)cc(cc2)c1cc2C([Hg])=O,CC(C([Hg])=O)NC(c(cc1)cc(cc2)c1cc2O)=O,CCN(CCC([Hg])=O)C(c(cc1)cc(cc2)c1cc2O)=O,Oc(cc1)cc(cc2)c1cc2C(NC1(COC1)C([Hg])=O)=O,Oc(cc1)cc(cc2)c1cc2C(N(CCC1)C1C([Hg])=O)=O,Oc(cc1)cc(cc2)c1cc2C(N(CC1)CCC1C([Hg])=O)=O,CN(CC1)CC(C([Hg])=O)N1C(c(cc1)cc(cc2)c1cc2O)=O,Oc(cc1)cc(cc2)c1cc2C(N(CC([Hg])=O)c1ccc[o]1)=O,Oc(cc1)cc(cc2)c1cc2C(Nc(cc1)ccc1C([Hg])=O)=O,Oc(cc1)cc(cc2)c1cc2C(NC(Cc1ccccc1)C([Hg])=O)=O,Oc(cc1)cc(cc2)c1cc2C(NCc1cccc(CC([Hg])=O)c1)=O
COc(ccc(C([Hg])=O)c1)c1OC,CC(C([Hg])=O)NC(c(cc1)cc(OC)c1OC)=O,CCN(CCC([Hg])=O)C(c(cc1)cc(OC)c1OC)=O,COc(ccc(C(NC1(COC1)C([Hg])=O)=O)c1)c1OC,COc(ccc(C(N(CCC1)C1C([Hg])=O)=O)c1)c1OC,COc(ccc(C(N(CC1)CCC1C([Hg])=O)=O)c1)c1OC,CN(CC1)CC(C([Hg])=O)N1C(c(cc1)cc(OC)c1OC)=O,COc(ccc(C(N(CC([Hg])=O)c1ccc[o]1)=O)c1)c1OC,COc(ccc(C(Nc(cc1)ccc1C([Hg])=O)=O)c1)c1OC,COc(ccc(C(NC(Cc1ccccc1)C([Hg])=O)=O)c1)c1OC,COc(ccc(C(NCc1cccc(CC([Hg])=O)c1)=O)c1)c1OC
COc1cc(C([Hg])=O)cc(OC)c1,CC(C([Hg])=O)NC(c1cc(OC)cc(OC)c1)=O,CCN(CCC([Hg])=O)C(c1cc(OC)cc(OC)c1)=O,COc1cc(C(NC2(COC2)C([Hg])=O)=O)cc(OC)c1,COc1cc(C(N(CCC2)C2C([Hg])=O)=O)cc(OC)c1,COc1cc(C(N(CC2)CCC2C([Hg])=O)=O)cc(OC)c1,CN(CC1)CC(C([Hg])=O)N1C(c1cc(OC)cc(OC)c1)=O,COc1cc(C(N(CC([Hg])=O)c2ccc[o]2)=O)cc(OC)c1,COc1cc(C(Nc(cc2)ccc2C([Hg])=O)=O)cc(OC)c1,COc1cc(C(NC(Cc2ccccc2)C([Hg])=O)=O)cc(OC)c1,COc1cc(C(NCc2cccc(CC([Hg])=O)c2)=O)cc(OC)c1
Cc(c(OC)cc(C([Hg])=O)c1)c1OC,CC(C([Hg])=O)NC(c1cc(OC)c(C)c(OC)c1)=O,CCN(CCC([Hg])=O)C(c1cc(OC)c(C)c(OC)c1)=O,Cc(c(OC)cc(C(NC1(COC1)C([Hg])=O)=O)c1)c1OC,Cc(c(OC)cc(C(N(CCC1)C1C([Hg])=O)=O)c1)c1OC,Cc(c(OC)cc(C(N(CC1)CCC1C([Hg])=O)=O)c1)c1OC,Cc(c(OC)cc(C(N(CCN(C)C1)C1C([Hg])=O)=O)c1)c1OC,Cc(c(OC)cc(C(N(CC([Hg])=O)c1ccc[o]1)=O)c1)c1OC,Cc(c(OC)cc(C(Nc(cc1)ccc1C([Hg])=O)=O)c1)c1OC,Cc(c(OC)cc(C(NC(Cc1ccccc1)C([Hg])=O)=O)c1)c1OC,Cc(c(OC)cc(C(NCc1cccc(CC([Hg])=O)c1)=O)c1)c1OC
COc1cc(C([Hg])=O)cc(OC)c1OC,CC(C([Hg])=O)NC(c(cc1OC)cc(OC)c1OC)=O,CCN(CCC([Hg])=O)C(c(cc1OC)cc(OC)c1OC)=O,COc1cc(C(NC2(COC2)C([Hg])=O)=O)cc(OC)c1OC,COc1cc(C(N(CCC2)C2C([Hg])=O)=O)cc(OC)c1OC,COc1cc(C(N(CC2)CCC2C([Hg])=O)=O)cc(OC)c1OC,CN(CC1)CC(C([Hg])=O)N1C(c(cc1OC)cc(OC)c1OC)=O,COc1cc(C(N(CC([Hg])=O)c2ccc[o]2)=O)cc(OC)c1OC,COc1cc(C(Nc(cc2)ccc2C([Hg])=O)=O)cc(OC)c1OC,COc1cc(C(NC(Cc2ccccc2)C([Hg])=O)=O)cc(OC)c1OC,COc1cc(C(NCc2cccc(CC([Hg])=O)c2)=O)cc(OC)c1OC
O=C(c(cc1)cc(F)c1F)[Hg],CC(C([Hg])=O)NC(c(cc1)cc(F)c1F)=O,CCN(CCC([Hg])=O)C(c(cc1)cc(F)c1F)=O,O=C(C1(COC1)NC(c(cc1)cc(F)c1F)=O)[Hg],O=C(C(CCC1)N1C(c(cc1)cc(F)c1F)=O)[Hg],O=C(C(CC1)CCN1C(c(cc1)cc(F)c1F)=O)[Hg],CN(CC1)CC(C([Hg])=O)N1C(c(cc1)cc(F)c1F)=O,O=C(CN(C(c(cc1)cc(F)c1F)=O)c1ccc[o]1)[Hg],O=C(c(cc1)cc(F)c1F)Nc(cc1)ccc1C([Hg])=O,O=C(C(Cc1ccccc1)NC(c(cc1)cc(F)c1F)=O)[Hg],O=C(Cc1cc(CNC(c(cc2)cc(F)c2F)=O)ccc1)[Hg]
O=C(c(cc1)ccc1Cl)[Hg],CC(C([Hg])=O)NC(c(cc1)ccc1Cl)=O,CCN(CCC([Hg])=O)C(c(cc1)ccc1Cl)=O,O=C(C1(COC1)NC(c(cc1)ccc1Cl)=O)[Hg],O=C(C(CCC1)N1C(c(cc1)ccc1Cl)=O)[Hg],O=C(C(CC1)CCN1C(c(cc1)ccc1Cl)=O)[Hg],CN(CC1)CC(C([Hg])=O)N1C(c(cc1)ccc1Cl)=O,O=C(CN(C(c(cc1)ccc1Cl)=O)c1ccc[o]1)[Hg],O=C(c(cc1)ccc1Cl)Nc(cc1)ccc1C([Hg])=O,O=C(C(Cc1ccccc1)NC(c(cc1)ccc1Cl)=O)[Hg],O=C(Cc1cc(CNC(c(cc2)ccc2Cl)=O)ccc1)[Hg]
O=C(c1cc(Cl)ccc1)[Hg],CC(C([Hg])=O)NC(c1cc(Cl)ccc1)=O,CCN(CCC([Hg])=O)C(c1cc(Cl)ccc1)=O,O=C(C1(COC1)NC(c1cc(Cl)ccc1)=O)[Hg],O=C(C(CCC1)N1C(c1cc(Cl)ccc1)=O)[Hg],O=C(C(CC1)CCN1C(c1cc(Cl)ccc1)=O)[Hg],CN(CC1)CC(C([Hg])=O)N1C(c1cc(Cl)ccc1)=O,O=C(CN(C(c1cc(Cl)ccc1)=O)c1ccc[o]1)[Hg],O=C(c1cc(Cl)ccc1)Nc(cc1)ccc1C([Hg])=O,O=C(C(Cc1ccccc1)NC(c1cc(Cl)ccc1)=O)[Hg],O=C(Cc1cc(CNC(c2cc(Cl)ccc2)=O)ccc1)[Hg]
Cc1cc(C([Hg])=O)cc(C)c1,CC(C([Hg])=O)NC(c1cc(C)cc(C)c1)=O,CCN(CCC([Hg])=O)C(c1cc(C)cc(C)c1)=O,Cc1cc(C(NC2(COC2)C([Hg])=O)=O)cc(C)c1,Cc1cc(C(N(CCC2)C2C([Hg])=O)=O)cc(C)c1,Cc1cc(C(N(CC2)CCC2C([Hg])=O)=O)cc(C)c1,Cc1cc(C(N(CCN(C)C2)C2C([Hg])=O)=O)cc(C)c1,Cc1cc(C(N(CC([Hg])=O)c2ccc[o]2)=O)cc(C)c1,Cc1cc(C(Nc(cc2)ccc2C([Hg])=O)=O)cc(C)c1,Cc1cc(C(NC(Cc2ccccc2)C([Hg])=O)=O)cc(C)c1,Cc1cc(C(NCc2cccc(CC([Hg])=O)c2)=O)cc(C)c1
O=C(c1cc(cccc2)c2cc1)[Hg],CC(C([Hg])=O)NC(c1cc(cccc2)c2cc1)=O,CCN(CCC([Hg])=O)C(c1cc(cccc2)c2cc1)=O,O=C(C1(COC1)NC(c1cc(cccc2)c2cc1)=O)[Hg],O=C(C(CCC1)N1C(c1cc(cccc2)c2cc1)=O)[Hg],O=C(C(CC1)CCN1C(c1cc(cccc2)c2cc1)=O)[Hg],CN(CC1)CC(C([Hg])=O)N1C(c1cc(cccc2)c2cc1)=O,O=C(CN(C(c1cc(cccc2)c2cc1)=O)c1ccc[o]1)[Hg],O=C(c1cc(cccc2)c2cc1)Nc(cc1)ccc1C([Hg])=O,O=C(C(Cc1ccccc1)NC(c1cc(cccc2)c2cc1)=O)[Hg],O=C(Cc1cc(CNC(c2cc(cccc3)c3cc2)=O)ccc1)[Hg]
COc(cc1)cc(cc2)c1cc2C([Hg])=O,CC(C([Hg])=O)NC(c(cc1)cc(cc2)c1cc2OC)=O,CCN(CCC([Hg])=O)C(c(cc1)cc(cc2)c1cc2OC)=O,COc(cc1)cc(cc2)c1cc2C(NC1(COC1)C([Hg])=O)=O,COc(cc1)cc(cc2)c1cc2C(N(CCC1)C1C([Hg])=O)=O,COc(cc1)cc(cc2)c1cc2C(N(CC1)CCC1C([Hg])=O)=O,CN(CC1)CC(C([Hg])=O)N1C(c(cc1)cc(cc2)c1cc2OC)=O,COc(cc1)cc(cc2)c1cc2C(N(CC([Hg])=O)c1ccc[o]1)=O,COc(cc1)cc(cc2)c1cc2C(Nc(cc1)ccc1C([Hg])=O)=O,COc(cc1)cc(cc2)c1cc2C(NC(Cc1ccccc1)C([Hg])=O)=O,COc(cc1)cc(cc2)c1cc2C(NCc1cccc(CC([Hg])=O)c1)=O
NC(Nc(cc1)ccc1C([Hg])=O)=N,CC(C([Hg])=O)NC(c(cc1)ccc1NC(N)=N)=O,CCN(CCC([Hg])=O)C(c(cc1)ccc1NC(N)=N)=O,NC(Nc(cc1)ccc1C(NC1(COC1)C([Hg])=O)=O)=N,NC(Nc(cc1)ccc1C(N(CCC1)C1C([Hg])=O)=O)=N,NC(Nc(cc1)ccc1C(N(CC1)CCC1C([Hg])=O)=O)=N,CN(CC1)CC(C([Hg])=O)N1C(c(cc1)ccc1NC(N)=N)=O,NC(Nc(cc1)ccc1C(N(CC([Hg])=O)c1ccc[o]1)=O)=N,NC(Nc(cc1)ccc1C(Nc(cc1)ccc1C([Hg])=O)=O)=N,NC(Nc(cc1)ccc1C(NC(Cc1ccccc1)C([Hg])=O)=O)=N,NC(Nc(cc1)ccc1C(NCc1cccc(CC([Hg])=O)c1)=O)=N
Cc1nc(cccc2)c2[n]1CC([Hg])=O,CC(C([Hg])=O)NC(C[n]1c(cccc2)c2nc1C)=O,CCN(CCC([Hg])=O)C(C[n]1c(cccc2)c2nc1C)=O,Cc1nc(cccc2)c2[n]1CC(NC1(COC1)C([Hg])=O)=O,Cc1nc(cccc2)c2[n]1CC(N(CCC1)C1C([Hg])=O)=O,Cc1nc(cccc2)c2[n]1CC(N(CC1)CCC1C([Hg])=O)=O,Cc1nc(cccc2)c2[n]1CC(N(CCN(C)C1)C1C([Hg])=O)=O,Cc1nc(cccc2)c2[n]1CC(N(CC([Hg])=O)c1ccc[o]1)=O,Cc1nc(cccc2)c2[n]1CC(Nc(cc1)ccc1C([Hg])=O)=O,Cc1nc(cccc2)c2[n]1CC(NC(Cc1ccccc1)C([Hg])=O)=O,Cc1nc(cccc2)c2[n]1CC(NCc1cccc(CC([Hg])=O)c1)=O
O=C(c1nccnc1)[Hg],CC(C([Hg])=O)NC(c1nccnc1)=O,CCN(CCC([Hg])=O)C(c1nccnc1)=O,O=C(C1(COC1)NC(c1nccnc1)=O)[Hg],O=C(C(CCC1)N1C(c1nccnc1)=O)[Hg],O=C(C(CC1)CCN1C(c1nccnc1)=O)[Hg],CN(CC1)CC(C([Hg])=O)N1C(c1nccnc1)=O,O=C(CN(C(c1nccnc1)=O)c1ccc[o]1)[Hg],O=C(c1nccnc1)Nc(cc1)ccc1C([Hg])=O,O=C(C(Cc1ccccc1)NC(c1nccnc1)=O)[Hg],O=C(Cc1cc(CNC(c2nccnc2)=O)ccc1)[Hg]
O=C(c1cncnc1)[Hg],CC(C([Hg])=O)NC(c1cncnc1)=O,CCN(CCC([Hg])=O)C(c1cncnc1)=O,O=C(C1(COC1)NC(c1cncnc1)=O)[Hg],O=C(C(CCC1)N1C(c1cncnc1)=O)[Hg],O=C(C(CC1)CCN1C(c1cncnc1)=O)[Hg],CN(CC1)CC(C([Hg])=O)N1C(c1cncnc1)=O,O=C(CN(C(c1cncnc1)=O)c1ccc[o]1)[Hg],O=C(c1cncnc1)Nc(cc1)ccc1C([Hg])=O,O=C(C(Cc1ccccc1)NC(c1cncnc1)=O)[Hg],O=C(Cc1cc(CNC(c2cncnc2)=O)ccc1)[Hg]
O=C(c1ncc[nH]1)[Hg],CC(C([Hg])=O)NC(c1ncc[nH]1)=O,CCN(CCC([Hg])=O)C(c1ncc[nH]1)=O,O=C(C1(COC1)NC(c1ncc[nH]1)=O)[Hg],O=C(C(CCC1)N1C(c1ncc[nH]1)=O)[Hg],O=C(C(CC1)CCN1C(c1ncc[nH]1)=O)[Hg],CN(CC1)CC(C([Hg])=O)N1C(c1ncc[nH]1)=O,O=C(CN(C(c1ncc[nH]1)=O)c1ccc[o]1)[Hg],O=C(c1ncc[nH]1)Nc(cc1)ccc1C([Hg])=O,O=C(C(Cc1ccccc1)NC(c1ncc[nH]1)=O)[Hg],O=C(Cc1cc(CNC(c2ncc[nH]2)=O)ccc1)[Hg]
CCC(c(c(O1)c2)cc(Cl)c2OCC([Hg])=O)=CC1=O,CCC(c(c(O1)c2)cc(Cl)c2OCC(NC(C)C([Hg])=O)=O)=CC1=O,CCC(c(c(O1)c2)cc(Cl)c2OCC(N(CC)CCC([Hg])=O)=O)=CC1=O,CCC(c(c(O1)c2)cc(Cl)c2OCC(NC2(COC2)C([Hg])=O)=O)=CC1=O,CCC(c(c(O1)c2)cc(Cl)c2OCC(N(CCC2)C2C([Hg])=O)=O)=CC1=O,CCC(c(c(O1)c2)cc(Cl)c2OCC(N(CC2)CCC2C([Hg])=O)=O)=CC1=O,CCC(c(c(O1)c2)cc(Cl)c2OCC(N(CCN(C)C2)C2C([Hg])=O)=O)=CC1=O,CCC(c(c(O1)c2)cc(Cl)c2OCC(N(CC([Hg])=O)c2ccc[o]2)=O)=CC1=O,CCC(c(c(O1)c2)cc(Cl)c2OCC(Nc(cc2)ccc2C([Hg])=O)=O)=CC1=O,CCC(c(c(O1)c2)cc(Cl)c2OCC(NC(Cc2ccccc2)C([Hg])=O)=O)=CC1=O,CCC(c(c(O1)c2)cc(Cl)c2OCC(NCc2cccc(CC([Hg])=O)c2)=O)=CC1=O
O=C(c1cc(-[n]2nccc2)ccc1)[Hg],CC(C([Hg])=O)NC(c1cc(-[n]2nccc2)ccc1)=O,CCN(CCC([Hg])=O)C(c1cc(-[n]2nccc2)ccc1)=O,O=C(C1(COC1)NC(c1cc(-[n]2nccc2)ccc1)=O)[Hg],O=C(C(CCC1)N1C(c1cc(-[n]2nccc2)ccc1)=O)[Hg],O=C(C(CC1)CCN1C(c1cc(-[n]2nccc2)ccc1)=O)[Hg],CN(CC1)CC(C([Hg])=O)N1C(c1cc(-[n]2nccc2)ccc1)=O,O=C(CN(C(c1cc(-[n]2nccc2)ccc1)=O)c1ccc[o]1)[Hg],O=C(c1cc(-[n]2nccc2)ccc1)Nc(cc1)ccc1C([Hg])=O,O=C(C(Cc1ccccc1)NC(c1cc(-[n]2nccc2)ccc1)=O)[Hg],O=C(Cc1cc(CNC(c2cc(-[n]3nccc3)ccc2)=O)ccc1)[Hg]
O=C(c1cc(C[n]2nccc2)ccc1)[Hg],CC(C([Hg])=O)NC(c1cc(C[n]2nccc2)ccc1)=O,CCN(CCC([Hg])=O)C(c1cc(C[n]2nccc2)ccc1)=O,O=C(C1(COC1)NC(c1cc(C[n]2nccc2)ccc1)=O)[Hg],O=C(C(CCC1)N1C(c1cc(C[n]2nccc2)ccc1)=O)[Hg],O=C(C(CC1)CCN1C(c1cc(C[n]2nccc2)ccc1)=O)[Hg],CN(CC1)CC(C([Hg])=O)N1C(c1cc(C[n]2nccc2)ccc1)=O,O=C(CN(C(c1cc(C[n]2nccc2)ccc1)=O)c1ccc[o]1)[Hg],O=C(c1cc(C[n]2nccc2)ccc1)Nc(cc1)ccc1C([Hg])=O,O=C(C(Cc1ccccc1)NC(c1cc(C[n]2nccc2)ccc1)=O)[Hg],O=C(Cc1cc(CNC(c2cc(C[n]3nccc3)ccc2)=O)ccc1)[Hg]
Cc1n[nH]c(C([Hg])=O)c1,CC(C([Hg])=O)NC(c1cc(C)n[nH]1)=O,CCN(CCC([Hg])=O)C(c1cc(C)n[nH]1)=O,Cc1n[nH]c(C(NC2(COC2)C([Hg])=O)=O)c1,Cc1n[nH]c(C(N(CCC2)C2C([Hg])=O)=O)c1,Cc1n[nH]c(C(N(CC2)CCC2C([Hg])=O)=O)c1,Cc1n[nH]c(C(N(CCN(C)C2)C2C([Hg])=O)=O)c1,Cc1n[nH]c(C(N(CC([Hg])=O)c2ccc[o]2)=O)c1,Cc1n[nH]c(C(Nc(cc2)ccc2C([Hg])=O)=O)c1,Cc1n[nH]c(C(NC(Cc2ccccc2)C([Hg])=O)=O)c1,Cc1n[nH]c(C(NCc2cccc(CC([Hg])=O)c2)=O)c1
O=C(c1ccc[s]1)[Hg],CC(C([Hg])=O)NC(c1ccc[s]1)=O,CCN(CCC([Hg])=O)C(c1ccc[s]1)=O,O=C(C1(COC1)NC(c1ccc[s]1)=O)[Hg],O=C(C(CCC1)N1C(c1ccc[s]1)=O)[Hg],O=C(C(CC1)CCN1C(c1ccc[s]1)=O)[Hg],CN(CC1)CC(C([Hg])=O)N1C(c1ccc[s]1)=O,O=C(CN(C(c1ccc[s]1)=O)c1ccc[o]1)[Hg],O=C(c1ccc[s]1)Nc(cc1)ccc1C([Hg])=O,O=C(C(Cc1ccccc1)NC(c1ccc[s]1)=O)[Hg],O=C(Cc1cc(CNC(c2ccc[s]2)=O)ccc1)[Hg]
CC[n]1nc(C)cc1C([Hg])=O,CC[n]1nc(C)cc1C(NC(C)C([Hg])=O)=O,CCN(CCC([Hg])=O)C(c1cc(C)n[n]1CC)=O,CC[n]1nc(C)cc1C(NC1(COC1)C([Hg])=O)=O,CC[n]1nc(C)cc1C(N(CCC1)C1C([Hg])=O)=O,CC[n]1nc(C)cc1C(N(CC1)CCC1C([Hg])=O)=O,CC[n]1nc(C)cc1C(N(CCN(C)C1)C1C([Hg])=O)=O,CC[n]1nc(C)cc1C(N(CC([Hg])=O)c1ccc[o]1)=O,CC[n]1nc(C)cc1C(Nc(cc1)ccc1C([Hg])=O)=O,CC[n]1nc(C)cc1C(NC(Cc1ccccc1)C([Hg])=O)=O,CC[n]1nc(C)cc1C(NCc1cccc(CC([Hg])=O)c1)=O
O=C(c1ccn[nH]1)[Hg],CC(C([Hg])=O)NC(c1ccn[nH]1)=O,CCN(CCC([Hg])=O)C(c1ccn[nH]1)=O,O=C(C1(COC1)NC(c1ccn[nH]1)=O)[Hg],O=C(C(CCC1)N1C(c1ccn[nH]1)=O)[Hg],O=C(C(CC1)CCN1C(c1ccn[nH]1)=O)[Hg],CN(CC1)CC(C([Hg])=O)N1C(c1ccn[nH]1)=O,O=C(CN(C(c1ccn[nH]1)=O)c1ccc[o]1)[Hg],O=C(c1ccn[nH]1)Nc(cc1)ccc1C([Hg])=O,O=C(C(Cc1ccccc1)NC(c1ccn[nH]1)=O)[Hg],O=C(Cc1cc(CNC(c2ccn[nH]2)=O)ccc1)[Hg]
Cc(cc1)nc(O)c1C([Hg])=O,CC(C([Hg])=O)NC(c(ccc(C)n1)c1O)=O,CCN(CCC([Hg])=O)C(c(ccc(C)n1)c1O)=O,Cc(cc1)nc(O)c1C(NC1(COC1)C([Hg])=O)=O,Cc(cc1)nc(O)c1C(N(CCC1)C1C([Hg])=O)=O,Cc(cc1)nc(O)c1C(N(CC1)CCC1C([Hg])=O)=O,Cc(cc1)nc(O)c1C(N(CCN(C)C1)C1C([Hg])=O)=O,Cc(cc1)nc(O)c1C(N(CC([Hg])=O)c1ccc[o]1)=O,Cc(cc1)nc(O)c1C(Nc(cc1)ccc1C([Hg])=O)=O,Cc(cc1)nc(O)c1C(NC(Cc1ccccc1)C([Hg])=O)=O,Cc(cc1)nc(O)c1C(NCc1cccc(CC([Hg])=O)c1)=O
COc(ccc(C([Hg])=O)c1OC)c1OC,CC(C([Hg])=O)NC(c(ccc(OC)c1OC)c1OC)=O,CCN(CCC([Hg])=O)C(c(ccc(OC)c1OC)c1OC)=O,COc(ccc(C(NC1(COC1)C([Hg])=O)=O)c1OC)c1OC,COc(ccc(C(N(CCC1)C1C([Hg])=O)=O)c1OC)c1OC,COc(ccc(C(N(CC1)CCC1C([Hg])=O)=O)c1OC)c1OC,CN(CC1)CC(C([Hg])=O)N1C(c(ccc(OC)c1OC)c1OC)=O,COc(ccc(C(N(CC([Hg])=O)c1ccc[o]1)=O)c1OC)c1OC,COc(ccc(C(Nc(cc1)ccc1C([Hg])=O)=O)c1OC)c1OC,COc(ccc(C(NC(Cc1ccccc1)C([Hg])=O)=O)c1OC)c1OC,COc(ccc(C(NCc1cccc(CC([Hg])=O)c1)=O)c1OC)c1OC
Cc1ccc(-c2n[nH]c(C([Hg])=O)c2)[o]1,CC(C([Hg])=O)NC(c1cc(-c2ccc(C)[o]2)n[nH]1)=O,CCN(CCC([Hg])=O)C(c1cc(-c2ccc(C)[o]2)n[nH]1)=O,Cc1ccc(-c2n[nH]c(C(NC3(COC3)C([Hg])=O)=O)c2)[o]1,Cc1ccc(-c2n[nH]c(C(N(CCC3)C3C([Hg])=O)=O)c2)[o]1,Cc1ccc(-c2n[nH]c(C(N(CC3)CCC3C([Hg])=O)=O)c2)[o]1,Cc1ccc(-c2n[nH]c(C(N(CCN(C)C3)C3C([Hg])=O)=O)c2)[o]1,Cc1ccc(-c2n[nH]c(C(N(CC([Hg])=O)c3ccc[o]3)=O)c2)[o]1,Cc1ccc(-c2n[nH]c(C(Nc(cc3)ccc3C([Hg])=O)=O)c2)[o]1,Cc1ccc(-c2n[nH]c(C(NC(Cc3ccccc3)C([Hg])=O)=O)c2)[o]1,Cc1ccc(-c2n[nH]c(C(NCc3cccc(CC([Hg])=O)c3)=O)c2)[o]1
Cc1c(C([Hg])=O)[s]c(N=CN2C)c1C2=O,CC(C([Hg])=O)NC(c1c(C)c(C(N(C)C=N2)=O)c2[s]1)=O,CCN(CCC([Hg])=O)C(c1c(C)c(C(N(C)C=N2)=O)c2[s]1)=O,Cc1c(C(NC2(COC2)C([Hg])=O)=O)[s]c(N=CN2C)c1C2=O,Cc1c(C(N(CCC2)C2C([Hg])=O)=O)[s]c(N=CN2C)c1C2=O,Cc1c(C(N(CC2)CCC2C([Hg])=O)=O)[s]c(N=CN2C)c1C2=O,Cc1c(C(N(CCN(C)C2)C2C([Hg])=O)=O)[s]c(N=CN2C)c1C2=O,Cc1c(C(N(CC([Hg])=O)c2ccc[o]2)=O)[s]c(N=CN2C)c1C2=O,Cc1c(C(Nc(cc2)ccc2C([Hg])=O)=O)[s]c(N=CN2C)c1C2=O,Cc1c(C(NC(Cc2ccccc2)C([Hg])=O)=O)[s]c(N=CN2C)c1C2=O,Cc1c(C(NCc2cccc(CC([Hg])=O)c2)=O)[s]c(N=CN2C)c1C2=O
O=C([C@@H]([C@H]1C(N(Cc2ncccc2)C2)=O)[C@H]3O[C@]12C=C3)[Hg],CC(C([Hg])=O)NC([C@@H]([C@H]1C(N(Cc2ncccc2)C2)=O)[C@H]3O[C@]12C=C3)=O,CCN(CCC([Hg])=O)C([C@@H]([C@H]1C(N(Cc2ncccc2)C2)=O)[C@H]3O[C@]12C=C3)=O,O=C([C@@H]([C@H]1C(N(Cc2ncccc2)C2)=O)[C@H]3O[C@]12C=C3)NC1(COC1)C([Hg])=O,O=C([C@@H]([C@H]1C(N(Cc2ncccc2)C2)=O)[C@H]3O[C@]12C=C3)N(CCC1)C1C([Hg])=O,O=C([C@@H]([C@H]1C(N(Cc2ncccc2)C2)=O)[C@H]3O[C@]12C=C3)N(CC1)CCC1C([Hg])=O,CN(CC1)CC(C([Hg])=O)N1C([C@@H]([C@H]1C(N(Cc2ncccc2)C2)=O)[C@H]3O[C@]12C=C3)=O,O=C(CN(C([C@@H]([C@H]1C(N(Cc2ncccc2)C2)=O)[C@H]3O[C@]12C=C3)=O)c1ccc[o]1)[Hg],O=C([C@@H]([C@H]1C(N(Cc2ncccc2)C2)=O)[C@H]3O[C@]12C=C3)Nc(cc1)ccc1C([Hg])=O,O=C(C(Cc1ccccc1)NC([C@@H]([C@H]1C(N(Cc2ncccc2)C2)=O)[C@H]3O[C@]12C=C3)=O)[Hg],O=C(Cc1cc(CNC([C@@H]([C@H]2C(N(Cc3ncccc3)C3)=O)[C@H]4O[C@]23C=C4)=O)ccc1)[Hg]
OC(C[C@H](C1)C2)(C[C@@H]1C1)CC21C([Hg])=O,CC(C([Hg])=O)NC(C(C[C@@H](C1)C2)(C[C@H]1C1)CC21O)=O,CCN(CCC([Hg])=O)C(C(C[C@@H](C1)C2)(C[C@H]1C1)CC21O)=O,OC(C[C@H](C1)C2)(C[C@@H]1C1)CC21C(NC1(COC1)C([Hg])=O)=O,OC(C[C@H](C1)C2)(C[C@@H]1C1)CC21C(N(CCC1)C1C([Hg])=O)=O,OC(C[C@H](C1)C2)(C[C@@H]1C1)CC21C(N(CC1)CCC1C([Hg])=O)=O,CN(CC1)CC(C([Hg])=O)N1C(C(C[C@@H](C1)C2)(C[C@H]1C1)CC21O)=O,OC(C[C@H](C1)C2)(C[C@@H]1C1)CC21C(N(CC([Hg])=O)c1ccc[o]1)=O,OC(C[C@H](C1)C2)(C[C@@H]1C1)CC21C(Nc(cc1)ccc1C([Hg])=O)=O,OC(C[C@H](C1)C2)(C[C@@H]1C1)CC21C(NC(Cc1ccccc1)C([Hg])=O)=O,OC(C[C@H](C1)C2)(C[C@@H]1C1)CC21C(NCc1cccc(CC([Hg])=O)c1)=O
O=C(C1=CN=C2SC=CN2C1=O)[Hg],CC(C([Hg])=O)NC(C1=CN=C2SC=CN2C1=O)=O,CCN(CCC([Hg])=O)C(C1=CN=C2SC=CN2C1=O)=O,O=C(C1(COC1)NC(C1=CN=C2SC=CN2C1=O)=O)[Hg],O=C(C(CCC1)N1C(C1=CN=C2SC=CN2C1=O)=O)[Hg],O=C(C(CC1)CCN1C(C1=CN=C2SC=CN2C1=O)=O)[Hg],CN(CC1)CC(C([Hg])=O)N1C(C1=CN=C2SC=CN2C1=O)=O,O=C(CN(C(C1=CN=C2SC=CN2C1=O)=O)c1ccc[o]1)[Hg],O=C(C1=CN=C2SC=CN2C1=O)Nc(cc1)ccc1C([Hg])=O,O=C(C(Cc1ccccc1)NC(C1=CN=C2SC=CN2C1=O)=O)[Hg],O=C(Cc1cc(CNC(C2=CN=C3SC=CN3C2=O)=O)ccc1)[Hg]
CCN(Cc1cccc(C([Hg])=O)c11)C1=O,CCN(Cc1cccc(C(NC(C)C([Hg])=O)=O)c11)C1=O,CCN(CCC([Hg])=O)C(c(cccc1CN2CC)c1C2=O)=O,CCN(Cc1cccc(C(NC2(COC2)C([Hg])=O)=O)c11)C1=O,CCN(Cc1cccc(C(N(CCC2)C2C([Hg])=O)=O)c11)C1=O,CCN(Cc1cccc(C(N(CC2)CCC2C([Hg])=O)=O)c11)C1=O,CCN(Cc1cccc(C(N(CCN(C)C2)C2C([Hg])=O)=O)c11)C1=O,CCN(Cc1cccc(C(N(CC([Hg])=O)c2ccc[o]2)=O)c11)C1=O,CCN(Cc1cccc(C(Nc(cc2)ccc2C([Hg])=O)=O)c11)C1=O,CCN(Cc1cccc(C(NC(Cc2ccccc2)C([Hg])=O)=O)c11)C1=O,CCN(Cc1cccc(C(NCc2cccc(CC([Hg])=O)c2)=O)c11)C1=O
O=C(C1CC=CCC1)[Hg],CC(C([Hg])=O)NC(C1CC=CCC1)=O,CCN(CCC([Hg])=O)C(C1CC=CCC1)=O,O=C(C1CC=CCC1)NC1(COC1)C([Hg])=O,O=C(C(CCC1)N1C(C1CC=CCC1)=O)[Hg],O=C(C1CC=CCC1)N(CC1)CCC1C([Hg])=O,CN(CC1)CC(C([Hg])=O)N1C(C1CC=CCC1)=O,O=C(CN(C(C1CC=CCC1)=O)c1ccc[o]1)[Hg],O=C(C1CC=CCC1)Nc(cc1)ccc1C([Hg])=O,O=C(C(Cc1ccccc1)NC(C1CC=CCC1)=O)[Hg],O=C(Cc1cc(CNC(C2CC=CCC2)=O)ccc1)[Hg]
Cc(cc1nc2)n[n]1c(C)c2C([Hg])=O,CC(C([Hg])=O)NC(c1c(C)[n]2nc(C)cc2nc1)=O,CCN(CCC([Hg])=O)C(c1c(C)[n]2nc(C)cc2nc1)=O,Cc(cc1nc2)n[n]1c(C)c2C(NC1(COC1)C([Hg])=O)=O,Cc(cc1nc2)n[n]1c(C)c2C(N(CCC1)C1C([Hg])=O)=O,Cc(cc1nc2)n[n]1c(C)c2C(N(CC1)CCC1C([Hg])=O)=O,Cc(cc1nc2)n[n]1c(C)c2C(N(CCN(C)C1)C1C([Hg])=O)=O,Cc(cc1nc2)n[n]1c(C)c2C(N(CC([Hg])=O)c1ccc[o]1)=O,Cc(cc1nc2)n[n]1c(C)c2C(Nc(cc1)ccc1C([Hg])=O)=O,Cc(cc1nc2)n[n]1c(C)c2C(NC(Cc1ccccc1)C([Hg])=O)=O,Cc(cc1nc2)n[n]1c(C)c2C(NCc1cccc(CC([Hg])=O)c1)=O
Cc1n[o]c(C)c1C([Hg])=O,CC(C([Hg])=O)NC(c1c(C)[o]nc1C)=O,CCN(CCC([Hg])=O)C(c1c(C)[o]nc1C)=O,Cc1n[o]c(C)c1C(NC1(COC1)C([Hg])=O)=O,Cc1n[o]c(C)c1C(N(CCC1)C1C([Hg])=O)=O,Cc1n[o]c(C)c1C(N(CC1)CCC1C([Hg])=O)=O,Cc1n[o]c(C)c1C(N(CCN(C)C1)C1C([Hg])=O)=O,Cc1n[o]c(C)c1C(N(CC([Hg])=O)c1ccc[o]1)=O,Cc1n[o]c(C)c1C(Nc(cc1)ccc1C([Hg])=O)=O,Cc1n[o]c(C)c1C(NC(Cc1ccccc1)C([Hg])=O)=O,Cc1n[o]c(C)c1C(NCc1cccc(CC([Hg])=O)c1)=O
O=C(c1ccc(Oc2cnccc2)[o]1)[Hg],CC(C([Hg])=O)NC(c1ccc(Oc2cnccc2)[o]1)=O,CCN(CCC([Hg])=O)C(c1ccc(Oc2cnccc2)[o]1)=O,O=C(C1(COC1)NC(c1ccc(Oc2cnccc2)[o]1)=O)[Hg],O=C(C(CCC1)N1C(c1ccc(Oc2cnccc2)[o]1)=O)[Hg],O=C(C(CC1)CCN1C(c1ccc(Oc2cnccc2)[o]1)=O)[Hg],CN(CC1)CC(C([Hg])=O)N1C(c1ccc(Oc2cnccc2)[o]1)=O,O=C(CN(C(c1ccc(Oc2cnccc2)[o]1)=O)c1ccc[o]1)[Hg],O=C(c1ccc(Oc2cnccc2)[o]1)Nc(cc1)ccc1C([Hg])=O,O=C(C(Cc1ccccc1)NC(c1ccc(Oc2cnccc2)[o]1)=O)[Hg],O=C(Cc1cc(CNC(c2ccc(Oc3cnccc3)[o]2)=O)ccc1)[Hg]
C#Cc1cccc(C([Hg])=O)c1,CC(C([Hg])=O)NC(c1cc(C#C)ccc1)=O,CCN(CCC([Hg])=O)C(c1cc(C#C)ccc1)=O,C#Cc1cccc(C(NC2(COC2)C([Hg])=O)=O)c1,C#Cc1cccc(C(N(CCC2)C2C([Hg])=O)=O)c1,C#Cc1cccc(C(N(CC2)CCC2C([Hg])=O)=O)c1,CN(CC1)CC(C([Hg])=O)N1C(c1cc(C#C)ccc1)=O,C#Cc1cccc(C(N(CC([Hg])=O)c2ccc[o]2)=O)c1,C#Cc1cccc(C(Nc(cc2)ccc2C([Hg])=O)=O)c1,C#Cc1cccc(C(NC(Cc2ccccc2)C([Hg])=O)=O)c1,C#Cc1cccc(C(NCc2cccc(CC([Hg])=O)c2)=O)c1
CS(c(cc1)ccc1C([Hg])=O)(=O)=O,CC(C([Hg])=O)NC(c(cc1)ccc1S(C)(=O)=O)=O,CCN(CCC([Hg])=O)C(c(cc1)ccc1S(C)(=O)=O)=O,CS(c(cc1)ccc1C(NC1(COC1)C([Hg])=O)=O)(=O)=O,CS(c(cc1)ccc1C(N(CCC1)C1C([Hg])=O)=O)(=O)=O,CS(c(cc1)ccc1C(N(CC1)CCC1C([Hg])=O)=O)(=O)=O,CN(CC1)CC(C([Hg])=O)N1C(c(cc1)ccc1S(C)(=O)=O)=O,CS(c(cc1)ccc1C(N(CC([Hg])=O)c1ccc[o]1)=O)(=O)=O,CS(c(cc1)ccc1C(Nc(cc1)ccc1C([Hg])=O)=O)(=O)=O,CS(c(cc1)ccc1C(NC(Cc1ccccc1)C([Hg])=O)=O)(=O)=O,CS(c(cc1)ccc1C(NCc1cccc(CC([Hg])=O)c1)=O)(=O)=O
O=C(c1ccccc1)[Hg],CC(C([Hg])=O)NC(c1ccccc1)=O,CCN(CCC([Hg])=O)C(c1ccccc1)=O,O=C(C1(COC1)NC(c1ccccc1)=O)[Hg],O=C(C(CCC1)N1C(c1ccccc1)=O)[Hg],O=C(C(CC1)CCN1C(c1ccccc1)=O)[Hg],CN(CC1)CC(C([Hg])=O)N1C(c1ccccc1)=O,O=C(CN(C(c1ccccc1)=O)c1ccc[o]1)[Hg],O=C(c1ccccc1)Nc(cc1)ccc1C([Hg])=O,O=C(C(Cc1ccccc1)NC(c1ccccc1)=O)[Hg],O=C(Cc1cc(CNC(c2ccccc2)=O)ccc1)[Hg]
CC(C)(C)C([Hg])=O,CC(C([Hg])=O)NC(C(C)(C)C)=O,CCN(CCC([Hg])=O)C(C(C)(C)C)=O,CC(C)(C)C(NC1(COC1)C([Hg])=O)=O,CC(C)(C)C(N(CCC1)C1C([Hg])=O)=O,CC(C)(C)C(N(CC1)CCC1C([Hg])=O)=O,CC(C)(C)C(N(CCN(C)C1)C1C([Hg])=O)=O,CC(C)(C)C(N(CC([Hg])=O)c1ccc[o]1)=O,CC(C)(C)C(Nc(cc1)ccc1C([Hg])=O)=O,CC(C)(C)C(NC(Cc1ccccc1)C([Hg])=O)=O,CC(C)(C)C(NCc1cccc(CC([Hg])=O)c1)=O
O=C(C1(CCC1)c1ccccc1)[Hg],CC(C([Hg])=O)NC(C1(CCC1)c1ccccc1)=O,CCN(CCC([Hg])=O)C(C1(CCC1)c1ccccc1)=O,O=C(C1(CCC1)c1ccccc1)NC1(COC1)C([Hg])=O,O=C(C(CCC1)N1C(C1(CCC1)c1ccccc1)=O)[Hg],O=C(C(CC1)CCN1C(C1(CCC1)c1ccccc1)=O)[Hg],CN(CC1)CC(C([Hg])=O)N1C(C1(CCC1)c1ccccc1)=O,O=C(CN(C(C1(CCC1)c1ccccc1)=O)c1ccc[o]1)[Hg],O=C(C1(CCC1)c1ccccc1)Nc(cc1)ccc1C([Hg])=O,O=C(C(Cc1ccccc1)NC(C1(CCC1)c1ccccc1)=O)[Hg],O=C(Cc1cc(CNC(C2(CCC2)c2ccccc2)=O)ccc1)[Hg]
CC1(CC1)C([Hg])=O,CC(C([Hg])=O)NC(C1(C)CC1)=O,CCN(CCC([Hg])=O)C(C1(C)CC1)=O,CC1(CC1)C(NC1(COC1)C([Hg])=O)=O,CC1(CC1)C(N(CCC1)C1C([Hg])=O)=O,CC1(CC1)C(N(CC1)CCC1C([Hg])=O)=O,CC1(CC1)C(N(CCN(C)C1)C1C([Hg])=O)=O,CC1(CC1)C(N(CC([Hg])=O)c1ccc[o]1)=O,CC1(CC1)C(Nc(cc1)ccc1C([Hg])=O)=O,CC1(CC1)C(NC(Cc1ccccc1)C([Hg])=O)=O,CC1(CC1)C(NCc1cccc(CC([Hg])=O)c1)=O
Cc(cc1)ccc1C([Hg])=O,CC(C([Hg])=O)NC(c1ccc(C)cc1)=O,CCN(CCC([Hg])=O)C(c1ccc(C)cc1)=O,Cc(cc1)ccc1C(NC1(COC1)C([Hg])=O)=O,Cc(cc1)ccc1C(N(CCC1)C1C([Hg])=O)=O,Cc(cc1)ccc1C(N(CC1)CCC1C([Hg])=O)=O,Cc(cc1)ccc1C(N(CCN(C)C1)C1C([Hg])=O)=O,Cc(cc1)ccc1C(N(CC([Hg])=O)c1ccc[o]1)=O,Cc(cc1)ccc1C(Nc(cc1)ccc1C([Hg])=O)=O,Cc(cc1)ccc1C(NC(Cc1ccccc1)C([Hg])=O)=O,Cc(cc1)ccc1C(NCc1cccc(CC([Hg])=O)c1)=O
Cc1cccc(C([Hg])=O)c1,CC(C([Hg])=O)NC(c1cc(C)ccc1)=O,CCN(CCC([Hg])=O)C(c1cc(C)ccc1)=O,Cc1cccc(C(NC2(COC2)C([Hg])=O)=O)c1,Cc1cccc(C(N(CCC2)C2C([Hg])=O)=O)c1,Cc1cccc(C(N(CC2)CCC2C([Hg])=O)=O)c1,Cc1cccc(C(N(CCN(C)C2)C2C([Hg])=O)=O)c1,Cc1cccc(C(N(CC([Hg])=O)c2ccc[o]2)=O)c1,Cc1cccc(C(Nc(cc2)ccc2C([Hg])=O)=O)c1,Cc1cccc(C(NC(Cc2ccccc2)C([Hg])=O)=O)c1,Cc1cccc(C(NCc2cccc(CC([Hg])=O)c2)=O)c1
Cc(cccc1)c1C([Hg])=O,CC(C([Hg])=O)NC(c1c(C)cccc1)=O,CCN(CCC([Hg])=O)C(c1c(C)cccc1)=O,Cc(cccc1)c1C(NC1(COC1)C([Hg])=O)=O,Cc(cccc1)c1C(N(CCC1)C1C([Hg])=O)=O,Cc(cccc1)c1C(N(CC1)CCC1C([Hg])=O)=O,Cc(cccc1)c1C(N(CCN(C)C1)C1C([Hg])=O)=O,Cc(cccc1)c1C(N(CC([Hg])=O)c1ccc[o]1)=O,Cc(cccc1)c1C(Nc(cc1)ccc1C([Hg])=O)=O,Cc(cccc1)c1C(NC(Cc1ccccc1)C([Hg])=O)=O,Cc(cccc1)c1C(NCc1cccc(CC([Hg])=O)c1)=O
COc(cc1)ccc1C([Hg])=O,CC(C([Hg])=O)NC(c(cc1)ccc1OC)=O,CCN(CCC([Hg])=O)C(c(cc1)ccc1OC)=O,COc(cc1)ccc1C(NC1(COC1)C([Hg])=O)=O,COc(cc1)ccc1C(N(CCC1)C1C([Hg])=O)=O,COc(cc1)ccc1C(N(CC1)CCC1C([Hg])=O)=O,CN(CC1)CC(C([Hg])=O)N1C(c(cc1)ccc1OC)=O,COc(cc1)ccc1C(N(CC([Hg])=O)c1ccc[o]1)=O,COc(cc1)ccc1C(Nc(cc1)ccc1C([Hg])=O)=O,COc(cc1)ccc1C(NC(Cc1ccccc1)C([Hg])=O)=O,COc(cc1)ccc1C(NCc1cccc(CC([Hg])=O)c1)=O
O=C(C1CCCCC1)[Hg],CC(C([Hg])=O)NC(C1CCCCC1)=O,CCN(CCC([Hg])=O)C(C1CCCCC1)=O,O=C(C1CCCCC1)NC1(COC1)C([Hg])=O,O=C(C(CCC1)N1C(C1CCCCC1)=O)[Hg],O=C(C1CCCCC1)N(CC1)CCC1C([Hg])=O,CN(CC1)CC(C([Hg])=O)N1C(C1CCCCC1)=O,O=C(CN(C(C1CCCCC1)=O)c1ccc[o]1)[Hg],O=C(C1CCCCC1)Nc(cc1)ccc1C([Hg])=O,O=C(C(Cc1ccccc1)NC(C1CCCCC1)=O)[Hg],O=C(Cc1cc(CNC(C2CCCCC2)=O)ccc1)[Hg]
CC(C)C(C([Hg])=O)O,CC(C)C(C(NC(C)C([Hg])=O)=O)O,CCN(CCC([Hg])=O)C(C(C(C)C)O)=O,CC(C)C(C(NC1(COC1)C([Hg])=O)=O)O,CC(C)C(C(N(CCC1)C1C([Hg])=O)=O)O,CC(C)C(C(N(CC1)CCC1C([Hg])=O)=O)O,CC(C)C(C(N(CCN(C)C1)C1C([Hg])=O)=O)O,CC(C)C(C(N(CC([Hg])=O)c1ccc[o]1)=O)O,CC(C)C(C(Nc(cc1)ccc1C([Hg])=O)=O)O,CC(C)C(C(NC(Cc1ccccc1)C([Hg])=O)=O)O,CC(C)C(C(NCc1cccc(CC([Hg])=O)c1)=O)O
CC(c(cc1)ccc1C([Hg])=O)=O,CC(C([Hg])=O)NC(c(cc1)ccc1C(C)=O)=O,CCN(CCC([Hg])=O)C(c(cc1)ccc1C(C)=O)=O,CC(c(cc1)ccc1C(NC1(COC1)C([Hg])=O)=O)=O,CC(c(cc1)ccc1C(N(CCC1)C1C([Hg])=O)=O)=O,CC(c(cc1)ccc1C(N(CC1)CCC1C([Hg])=O)=O)=O,CC(c(cc1)ccc1C(N(CCN(C)C1)C1C([Hg])=O)=O)=O,CC(c(cc1)ccc1C(N(CC([Hg])=O)c1ccc[o]1)=O)=O,CC(c(cc1)ccc1C(Nc(cc1)ccc1C([Hg])=O)=O)=O,CC(c(cc1)ccc1C(NC(Cc1ccccc1)C([Hg])=O)=O)=O,CC(c(cc1)ccc1C(NCc1cccc(CC([Hg])=O)c1)=O)=O
COc(ccc(C(CCC([Hg])=O)=O)c1)c1OC,CC(C([Hg])=O)NC(CCC(c(cc1)cc(OC)c1OC)=O)=O,CCN(CCC([Hg])=O)C(CCC(c(cc1)cc(OC)c1OC)=O)=O,COc(ccc(C(CCC(NC1(COC1)C([Hg])=O)=O)=O)c1)c1OC,COc(ccc(C(CCC(N(CCC1)C1C([Hg])=O)=O)=O)c1)c1OC,COc(ccc(C(CCC(N(CC1)CCC1C([Hg])=O)=O)=O)c1)c1OC,CN(CC1)CC(C([Hg])=O)N1C(CCC(c(cc1)cc(OC)c1OC)=O)=O,COc(ccc(C(CCC(N(CC([Hg])=O)c1ccc[o]1)=O)=O)c1)c1OC,COc(ccc(C(CCC(Nc(cc1)ccc1C([Hg])=O)=O)=O)c1)c1OC,COc(ccc(C(CCC(NC(Cc1ccccc1)C([Hg])=O)=O)=O)c1)c1OC,COc(ccc(C(CCC(NCc1cccc(CC([Hg])=O)c1)=O)=O)c1)c1OC
O=C(CCN1CCCCC1)[Hg],CC(C([Hg])=O)NC(CCN1CCCCC1)=O,CCN(CCC([Hg])=O)C(CCN1CCCCC1)=O,O=C(CCN1CCCCC1)NC1(COC1)C([Hg])=O,O=C(CCN1CCCCC1)N(CCC1)C1C([Hg])=O,O=C(CCN1CCCCC1)N(CC1)CCC1C([Hg])=O,CN(CC1)CC(C([Hg])=O)N1C(CCN1CCCCC1)=O,O=C(CCN1CCCCC1)N(CC([Hg])=O)c1ccc[o]1,O=C(CCN1CCCCC1)Nc(cc1)ccc1C([Hg])=O,O=C(CCN1CCCCC1)NC(Cc1ccccc1)C([Hg])=O,O=C(CCN1CCCCC1)NCc1cccc(CC([Hg])=O)c1
CC(N(CCC1)[C@@H]1C([Hg])=O)=O,CC(C([Hg])=O)NC([C@H](CCC1)N1C(C)=O)=O,CCN(CCC([Hg])=O)C([C@H](CCC1)N1C(C)=O)=O,CC(N(CCC1)[C@@H]1C(NC1(COC1)C([Hg])=O)=O)=O,CC(N(CCC1)[C@@H]1C(N(CCC1)C1C([Hg])=O)=O)=O,CC(N(CCC1)[C@@H]1C(N(CC1)CCC1C([Hg])=O)=O)=O,CC(N(CCC1)[C@@H]1C(N(CCN(C)C1)C1C([Hg])=O)=O)=O,CC(N(CCC1)[C@@H]1C(N(CC([Hg])=O)c1ccc[o]1)=O)=O,CC(N(CCC1)[C@@H]1C(Nc(cc1)ccc1C([Hg])=O)=O)=O,CC(N(CCC1)[C@@H]1C(NC(Cc1ccccc1)C([Hg])=O)=O)=O,CC(N(CCC1)[C@@H]1C(NCc1cccc(CC([Hg])=O)c1)=O)=O
CC(N(C[C@@H](C1)O)[C@@H]1C([Hg])=O)=O,CC(C([Hg])=O)NC([C@H](C[C@H](C1)O)N1C(C)=O)=O,CCN(CCC([Hg])=O)C([C@H](C[C@H](C1)O)N1C(C)=O)=O,CC(N(C[C@@H](C1)O)[C@@H]1C(NC1(COC1)C([Hg])=O)=O)=O,CC(N(C[C@@H](C1)O)[C@@H]1C(N(CCC1)C1C([Hg])=O)=O)=O,CC(N(C[C@@H](C1)O)[C@@H]1C(N(CC1)CCC1C([Hg])=O)=O)=O,CC(N(C[C@@H](C1)O)[C@@H]1C(N(CCN(C)C1)C1C([Hg])=O)=O)=O,CC(N(C[C@@H](C1)O)[C@@H]1C(N(CC([Hg])=O)c1ccc[o]1)=O)=O,CC(N(C[C@@H](C1)O)[C@@H]1C(Nc(cc1)ccc1C([Hg])=O)=O)=O,CC(N(C[C@@H](C1)O)[C@@H]1C(NC(Cc1ccccc1)C([Hg])=O)=O)=O,CC(N(C[C@@H](C1)O)[C@@H]1C(NCc1cccc(CC([Hg])=O)c1)=O)=O
CC(C)(C([Hg])=O)O,CC(C([Hg])=O)NC(C(C)(C)O)=O,CCN(CCC([Hg])=O)C(C(C)(C)O)=O,CC(C)(C(NC1(COC1)C([Hg])=O)=O)O,CC(C)(C(N(CCC1)C1C([Hg])=O)=O)O,CC(C)(C(N(CC1)CCC1C([Hg])=O)=O)O,CC(C)(C(N(CCN(C)C1)C1C([Hg])=O)=O)O,CC(C)(C(N(CC([Hg])=O)c1ccc[o]1)=O)O,CC(C)(C(Nc(cc1)ccc1C([Hg])=O)=O)O,CC(C)(C(NC(Cc1ccccc1)C([Hg])=O)=O)O,CC(C)(C(NCc1cccc(CC([Hg])=O)c1)=O)O
O=C(c(cc1)ccc1I)[Hg],CC(C([Hg])=O)NC(c(cc1)ccc1I)=O,CCN(CCC([Hg])=O)C(c(cc1)ccc1I)=O,O=C(C1(COC1)NC(c(cc1)ccc1I)=O)[Hg],O=C(C(CCC1)N1C(c(cc1)ccc1I)=O)[Hg],O=C(C(CC1)CCN1C(c(cc1)ccc1I)=O)[Hg],CN(CC1)CC(C([Hg])=O)N1C(c(cc1)ccc1I)=O,O=C(CN(C(c(cc1)ccc1I)=O)c1ccc[o]1)[Hg],O=C(c(cc1)ccc1I)Nc(cc1)ccc1C([Hg])=O,O=C(C(Cc1ccccc1)NC(c(cc1)ccc1I)=O)[Hg],O=C(Cc1cc(CNC(c(cc2)ccc2I)=O)ccc1)[Hg]
[O-][N+](c1cccc(CC([Hg])=O)c1)=O,CC(C([Hg])=O)NC(Cc1cc([N+]([O-])=O)ccc1)=O,CCN(CCC([Hg])=O)C(Cc1cc([N+]([O-])=O)ccc1)=O,[O-][N+](c1cccc(CC(NC2(COC2)C([Hg])=O)=O)c1)=O,[O-][N+](c1cccc(CC(N(CCC2)C2C([Hg])=O)=O)c1)=O,[O-][N+](c1cccc(CC(N(CC2)CCC2C([Hg])=O)=O)c1)=O,CN(CC1)CC(C([Hg])=O)N1C(Cc1cc([N+]([O-])=O)ccc1)=O,[O-][N+](c1cccc(CC(N(CC([Hg])=O)c2ccc[o]2)=O)c1)=O,[O-][N+](c1cccc(CC(Nc(cc2)ccc2C([Hg])=O)=O)c1)=O,[O-][N+](c1cccc(CC(NC(Cc2ccccc2)C([Hg])=O)=O)c1)=O,[O-][N+](c1cccc(CC(NCc2cccc(CC([Hg])=O)c2)=O)c1)=O
Nc1ncc(CC([Hg])=O)[s]1,CC(C([Hg])=O)NC(Cc1cnc(N)[s]1)=O,CCN(CCC([Hg])=O)C(Cc1cnc(N)[s]1)=O,Nc1ncc(CC(NC2(COC2)C([Hg])=O)=O)[s]1,Nc1ncc(CC(N(CCC2)C2C([Hg])=O)=O)[s]1,Nc1ncc(CC(N(CC2)CCC2C([Hg])=O)=O)[s]1,CN(CC1)CC(C([Hg])=O)N1C(Cc1cnc(N)[s]1)=O,Nc1ncc(CC(N(CC([Hg])=O)c2ccc[o]2)=O)[s]1,Nc1ncc(CC(Nc(cc2)ccc2C([Hg])=O)=O)[s]1,Nc1ncc(CC(NC(Cc2ccccc2)C([Hg])=O)=O)[s]1,Nc1ncc(CC(NCc2cccc(CC([Hg])=O)c2)=O)[s]1
O=C(CN(C=C1)c(cccc2)c2C1=O)[Hg],CC(C([Hg])=O)NC(CN(C=C1)c(cccc2)c2C1=O)=O,CCN(CCC([Hg])=O)C(CN(C=C1)c(cccc2)c2C1=O)=O,O=C(CN(C=C1)c(cccc2)c2C1=O)NC1(COC1)C([Hg])=O,O=C(CN(C=C1)c(cccc2)c2C1=O)N(CCC1)C1C([Hg])=O,O=C(CN(C=C1)c(cccc2)c2C1=O)N(CC1)CCC1C([Hg])=O,CN(CC1)CC(C([Hg])=O)N1C(CN(C=C1)c(cccc2)c2C1=O)=O,O=C(CN(C=C1)c(cccc2)c2C1=O)N(CC([Hg])=O)c1ccc[o]1,O=C(CN(C=C1)c(cccc2)c2C1=O)Nc(cc1)ccc1C([Hg])=O,O=C(CN(C=C1)c(cccc2)c2C1=O)NC(Cc1ccccc1)C([Hg])=O,O=C(CN(C=C1)c(cccc2)c2C1=O)NCc1cccc(CC([Hg])=O)c1
O=C(CN(CCC(N1)=O)C1=O)[Hg],CC(C([Hg])=O)NC(CN(CCC(N1)=O)C1=O)=O,CCN(CCC([Hg])=O)C(CN(CCC(N1)=O)C1=O)=O,O=C(CN(CCC(N1)=O)C1=O)NC1(COC1)C([Hg])=O,O=C(CN(CCC(N1)=O)C1=O)N(CCC1)C1C([Hg])=O,O=C(CN(CCC(N1)=O)C1=O)N(CC1)CCC1C([Hg])=O,CN(CC1)CC(C([Hg])=O)N1C(CN(CCC(N1)=O)C1=O)=O,O=C(CN(CCC(N1)=O)C1=O)N(CC([Hg])=O)c1ccc[o]1,O=C(CN(CCC(N1)=O)C1=O)Nc(cc1)ccc1C([Hg])=O,O=C(CN(CCC(N1)=O)C1=O)NC(Cc1ccccc1)C([Hg])=O,O=C(CN(CCC(N1)=O)C1=O)NCc1cccc(CC([Hg])=O)c1
O=C(c(cc(CC(N1)=O)c1c1)c1Cl)[Hg],CC(C([Hg])=O)NC(c(cc(CC(N1)=O)c1c1)c1Cl)=O,CCN(CCC([Hg])=O)C(c(cc(CC(N1)=O)c1c1)c1Cl)=O,O=C(C1(COC1)NC(c(cc(CC(N1)=O)c1c1)c1Cl)=O)[Hg],O=C(C(CCC1)N1C(c(cc(CC(N1)=O)c1c1)c1Cl)=O)[Hg],O=C(C(CC1)CCN1C(c(cc(CC(N1)=O)c1c1)c1Cl)=O)[Hg],CN(CC1)CC(C([Hg])=O)N1C(c(cc(CC(N1)=O)c1c1)c1Cl)=O,O=C(CN(C(c(cc(CC(N1)=O)c1c1)c1Cl)=O)c1ccc[o]1)[Hg],O=C(c(cc(CC(N1)=O)c1c1)c1Cl)Nc(cc1)ccc1C([Hg])=O,O=C(C(Cc1ccccc1)NC(c(cc(CC(N1)=O)c1c1)c1Cl)=O)[Hg],O=C(Cc1cc(CNC(c(cc(CC(N2)=O)c2c2)c2Cl)=O)ccc1)[Hg]
CN(C(C(C([Hg])=O)=CN1)=O)C1=O,CC(C([Hg])=O)NC(C(C(N1C)=O)=CNC1=O)=O,CCN(CCC([Hg])=O)C(C(C(N1C)=O)=CNC1=O)=O,CN(C(C(C(NC1(COC1)C([Hg])=O)=O)=CN1)=O)C1=O,CN(C(C(C(N(CCC1)C1C([Hg])=O)=O)=CN1)=O)C1=O,CN(C(C(C(N(CC1)CCC1C([Hg])=O)=O)=CN1)=O)C1=O,CN(CC1)CC(C([Hg])=O)N1C(C(C(N1C)=O)=CNC1=O)=O,CN(C(C(C(N(CC([Hg])=O)c1ccc[o]1)=O)=CN1)=O)C1=O,CN(C(C(C(Nc(cc1)ccc1C([Hg])=O)=O)=CN1)=O)C1=O,CN(C(C(C(NC(Cc1ccccc1)C([Hg])=O)=O)=CN1)=O)C1=O,CN(C(C(C(NCc1cccc(CC([Hg])=O)c1)=O)=CN1)=O)C1=O
O=C(CN(C=Nc1c2cccc1)C2=O)[Hg],CC(C([Hg])=O)NC(CN(C=Nc1c2cccc1)C2=O)=O,CCN(CCC([Hg])=O)C(CN(C=Nc1c2cccc1)C2=O)=O,O=C(CN(C=Nc1c2cccc1)C2=O)NC1(COC1)C([Hg])=O,O=C(CN(C=Nc1c2cccc1)C2=O)N(CCC1)C1C([Hg])=O,O=C(CN(C=Nc1c2cccc1)C2=O)N(CC1)CCC1C([Hg])=O,CN(CC1)CC(C([Hg])=O)N1C(CN(C=Nc1c2cccc1)C2=O)=O,O=C(CN(C=Nc1c2cccc1)C2=O)N(CC([Hg])=O)c1ccc[o]1,O=C(CN(C=Nc1c2cccc1)C2=O)Nc(cc1)ccc1C([Hg])=O,O=C(CN(C=Nc1c2cccc1)C2=O)NC(Cc1ccccc1)C([Hg])=O,O=C(CN(C=Nc1c2cccc1)C2=O)NCc1cccc(CC([Hg])=O)c1
O=C(CCN(C(C1(CCCCC1)N1)=O)C1=O)[Hg],CC(C([Hg])=O)NC(CCN(C(C1(CCCCC1)N1)=O)C1=O)=O,CCN(CCC([Hg])=O)C(CCN(C(C1(CCCCC1)N1)=O)C1=O)=O,O=C(CCN(C(C1(CCCCC1)N1)=O)C1=O)NC1(COC1)C([Hg])=O,O=C(CCN(C(C1(CCCCC1)N1)=O)C1=O)N(CCC1)C1C([Hg])=O,O=C(CCN(C(C1(CCCCC1)N1)=O)C1=O)N(CC1)CCC1C([Hg])=O,CN(CC1)CC(C([Hg])=O)N1C(CCN(C(C1(CCCCC1)N1)=O)C1=O)=O,O=C(CCN(C(C1(CCCCC1)N1)=O)C1=O)N(CC([Hg])=O)c1ccc[o]1,O=C(CCN(C(C1(CCCCC1)N1)=O)C1=O)Nc(cc1)ccc1C([Hg])=O,O=C(CCN(C(C1(CCCCC1)N1)=O)C1=O)NC(Cc1ccccc1)C([Hg])=O,O=C(CCN(C(C1(CCCCC1)N1)=O)C1=O)NCc1cccc(CC([Hg])=O)c1
CCCCN(c1c(C(N2)=O)[n](CC(C)C)c(CCC([Hg])=O)n1)C2=O,CCCCN(c1c(C(N2)=O)[n](CC(C)C)c(CCC(NC(C)C([Hg])=O)=O)n1)C2=O,CCCCN(c1c(C(N2)=O)[n](CC(C)C)c(CCC(N(CC)CCC([Hg])=O)=O)n1)C2=O,CCCCN(c1c(C(N2)=O)[n](CC(C)C)c(CCC(NC3(COC3)C([Hg])=O)=O)n1)C2=O,CCCCN(c1c(C(N2)=O)[n](CC(C)C)c(CCC(N(CCC3)C3C([Hg])=O)=O)n1)C2=O,CCCCN(c1c(C(N2)=O)[n](CC(C)C)c(CCC(N(CC3)CCC3C([Hg])=O)=O)n1)C2=O,CCCCN(c1c(C(N2)=O)[n](CC(C)C)c(CCC(N(CCN(C)C3)C3C([Hg])=O)=O)n1)C2=O,CCCCN(c1c(C(N2)=O)[n](CC(C)C)c(CCC(N(CC([Hg])=O)c3ccc[o]3)=O)n1)C2=O,CCCCN(c1c(C(N2)=O)[n](CC(C)C)c(CCC(Nc(cc3)ccc3C([Hg])=O)=O)n1)C2=O,CCCCN(c1c(C(N2)=O)[n](CC(C)C)c(CCC(NC(Cc3ccccc3)C([Hg])=O)=O)n1)C2=O,CCCCN(c1c(C(N2)=O)[n](CC(C)C)c(CCC(NCc3cccc(CC([Hg])=O)c3)=O)n1)C2=O
O=C(CCc1nc(-c2ccccc2)c(-c2ccccc2)[o]1)[Hg],CC(C([Hg])=O)NC(CCc1nc(-c2ccccc2)c(-c2ccccc2)[o]1)=O,CCN(CCC([Hg])=O)C(CCc1nc(-c2ccccc2)c(-c2ccccc2)[o]1)=O,O=C(CCc1nc(-c2ccccc2)c(-c2ccccc2)[o]1)NC1(COC1)C([Hg])=O,O=C(CCc1nc(-c2ccccc2)c(-c2ccccc2)[o]1)N(CCC1)C1C([Hg])=O,O=C(CCc1nc(-c2ccccc2)c(-c2ccccc2)[o]1)N(CC1)CCC1C([Hg])=O,CN(CC1)CC(C([Hg])=O)N1C(CCc1nc(-c2ccccc2)c(-c2ccccc2)[o]1)=O,O=C(CCc1nc(-c2ccccc2)c(-c2ccccc2)[o]1)N(CC([Hg])=O)c1ccc[o]1,O=C(CCc1nc(-c2ccccc2)c(-c2ccccc2)[o]1)Nc(cc1)ccc1C([Hg])=O,O=C(CCc1nc(-c2ccccc2)c(-c2ccccc2)[o]1)NC(Cc1ccccc1)C([Hg])=O,O=C(CCc1nc(-c2ccccc2)c(-c2ccccc2)[o]1)NCc1cccc(CC([Hg])=O)c1
Cc1c(C(NN2C)=O)c2nc(C)c1CC([Hg])=O,CC(C([Hg])=O)NC(Cc(c(C)c12)c(C)nc1N(C)NC2=O)=O,CCN(CCC([Hg])=O)C(Cc(c(C)c12)c(C)nc1N(C)NC2=O)=O,Cc1c(C(NN2C)=O)c2nc(C)c1CC(NC1(COC1)C([Hg])=O)=O,Cc1c(C(NN2C)=O)c2nc(C)c1CC(N(CCC1)C1C([Hg])=O)=O,Cc1c(C(NN2C)=O)c2nc(C)c1CC(N(CC1)CCC1C([Hg])=O)=O,Cc1c(C(NN2C)=O)c2nc(C)c1CC(N(CCN(C)C1)C1C([Hg])=O)=O,Cc1c(C(NN2C)=O)c2nc(C)c1CC(N(CC([Hg])=O)c1ccc[o]1)=O,Cc1c(C(NN2C)=O)c2nc(C)c1CC(Nc(cc1)ccc1C([Hg])=O)=O,Cc1c(C(NN2C)=O)c2nc(C)c1CC(NC(Cc1ccccc1)C([Hg])=O)=O,Cc1c(C(NN2C)=O)c2nc(C)c1CC(NCc1cccc(CC([Hg])=O)c1)=O
O=C(CCC([Hg])=O)N(C1)c(cccc2)c2NC1=O,CC(C([Hg])=O)NC(CCC(N(C1)c(cccc2)c2NC1=O)=O)=O,CCN(CCC([Hg])=O)C(CCC(N(C1)c(cccc2)c2NC1=O)=O)=O,O=C(CCC(N(C1)c(cccc2)c2NC1=O)=O)NC1(COC1)C([Hg])=O,O=C(CCC(N(C1)c(cccc2)c2NC1=O)=O)N(CCC1)C1C([Hg])=O,O=C(CCC(N(C1)c(cccc2)c2NC1=O)=O)N(CC1)CCC1C([Hg])=O,CN(CC1)CC(C([Hg])=O)N1C(CCC(N(C1)c(cccc2)c2NC1=O)=O)=O,O=C(CCC(N(C1)c(cccc2)c2NC1=O)=O)N(CC([Hg])=O)c1ccc[o]1,O=C(CCC(N(C1)c(cccc2)c2NC1=O)=O)Nc(cc1)ccc1C([Hg])=O,O=C(CCC(N(C1)c(cccc2)c2NC1=O)=O)NC(Cc1ccccc1)C([Hg])=O,O=C(CCC(N(C1)c(cccc2)c2NC1=O)=O)NCc1cccc(CC([Hg])=O)c1
O=C(c1cc(CN(C(CN2)=O)C2=O)ccc1)[Hg],CC(C([Hg])=O)NC(c1cc(CN(C(CN2)=O)C2=O)ccc1)=O,CCN(CCC([Hg])=O)C(c1cc(CN(C(CN2)=O)C2=O)ccc1)=O,O=C(C1(COC1)NC(c1cc(CN(C(CN2)=O)C2=O)ccc1)=O)[Hg],O=C(C(CCC1)N1C(c1cc(CN(C(CN2)=O)C2=O)ccc1)=O)[Hg],O=C(C(CC1)CCN1C(c1cc(CN(C(CN2)=O)C2=O)ccc1)=O)[Hg],CN(CC1)CC(C([Hg])=O)N1C(c1cc(CN(C(CN2)=O)C2=O)ccc1)=O,O=C(CN(C(c1cc(CN(C(CN2)=O)C2=O)ccc1)=O)c1ccc[o]1)[Hg],O=C(c1cc(CN(C(CN2)=O)C2=O)ccc1)Nc(cc1)ccc1C([Hg])=O,O=C(C(Cc1ccccc1)NC(c1cc(CN(C(CN2)=O)C2=O)ccc1)=O)[Hg],O=C(Cc1cc(CNC(c2cc(CN(C(CN3)=O)C3=O)ccc2)=O)ccc1)[Hg]
O=C(CNS(c(cc1)cc(C2)c1NC2=O)(=O)=O)[Hg],CC(C([Hg])=O)NC(CNS(c(cc1)cc(C2)c1NC2=O)(=O)=O)=O,CCN(CCC([Hg])=O)C(CNS(c(cc1)cc(C2)c1NC2=O)(=O)=O)=O,O=C(CNS(c(cc1)cc(C2)c1NC2=O)(=O)=O)NC1(COC1)C([Hg])=O,O=C(CNS(c(cc1)cc(C2)c1NC2=O)(=O)=O)N(CCC1)C1C([Hg])=O,O=C(CNS(c(cc1)cc(C2)c1NC2=O)(=O)=O)N(CC1)CCC1C([Hg])=O,CN(CC1)CC(C([Hg])=O)N1C(CNS(c(cc1)cc(C2)c1NC2=O)(=O)=O)=O,O=C(CNS(c(cc1)cc(C2)c1NC2=O)(=O)=O)N(CC([Hg])=O)c1ccc[o]1,O=C(CNS(c(cc1)cc(C2)c1NC2=O)(=O)=O)Nc(cc1)ccc1C([Hg])=O,O=C(CNS(c(cc1)cc(C2)c1NC2=O)(=O)=O)NC(Cc1ccccc1)C([Hg])=O,O=C(CNS(c(cc1)cc(C2)c1NC2=O)(=O)=O)NCc1cccc(CC([Hg])=O)c1
O=C(c1ccc(CN(C(CN2)=O)C2=O)cc1)[Hg],CC(C([Hg])=O)NC(c1ccc(CN(C(CN2)=O)C2=O)cc1)=O,CCN(CCC([Hg])=O)C(c1ccc(CN(C(CN2)=O)C2=O)cc1)=O,O=C(C1(COC1)NC(c1ccc(CN(C(CN2)=O)C2=O)cc1)=O)[Hg],O=C(C(CCC1)N1C(c1ccc(CN(C(CN2)=O)C2=O)cc1)=O)[Hg],O=C(C(CC1)CCN1C(c1ccc(CN(C(CN2)=O)C2=O)cc1)=O)[Hg],CN(CC1)CC(C([Hg])=O)N1C(c1ccc(CN(C(CN2)=O)C2=O)cc1)=O,O=C(CN(C(c1ccc(CN(C(CN2)=O)C2=O)cc1)=O)c1ccc[o]1)[Hg],O=C(c1ccc(CN(C(CN2)=O)C2=O)cc1)Nc(cc1)ccc1C([Hg])=O,O=C(C(Cc1ccccc1)NC(c1ccc(CN(C(CN2)=O)C2=O)cc1)=O)[Hg],O=C(Cc1cc(CNC(c2ccc(CN(C(CN3)=O)C3=O)cc2)=O)ccc1)[Hg]
CCOc(cc1)ccc1C(CCC([Hg])=O)=O,CCOc(cc1)ccc1C(CCC(NC(C)C([Hg])=O)=O)=O,CCN(CCC([Hg])=O)C(CCC(c(cc1)ccc1OCC)=O)=O,CCOc(cc1)ccc1C(CCC(NC1(COC1)C([Hg])=O)=O)=O,CCOc(cc1)ccc1C(CCC(N(CCC1)C1C([Hg])=O)=O)=O,CCOc(cc1)ccc1C(CCC(N(CC1)CCC1C([Hg])=O)=O)=O,CCOc(cc1)ccc1C(CCC(N(CCN(C)C1)C1C([Hg])=O)=O)=O,CCOc(cc1)ccc1C(CCC(N(CC([Hg])=O)c1ccc[o]1)=O)=O,CCOc(cc1)ccc1C(CCC(Nc(cc1)ccc1C([Hg])=O)=O)=O,CCOc(cc1)ccc1C(CCC(NC(Cc1ccccc1)C([Hg])=O)=O)=O,CCOc(cc1)ccc1C(CCC(NCc1cccc(CC([Hg])=O)c1)=O)=O
O=C(CC(c1c2cccc1)OC2=O)[Hg],CC(C([Hg])=O)NC(CC(c1c2cccc1)OC2=O)=O,CCN(CCC([Hg])=O)C(CC(c1c2cccc1)OC2=O)=O,O=C(CC(c1c2cccc1)OC2=O)NC1(COC1)C([Hg])=O,O=C(CC(c1c2cccc1)OC2=O)N(CCC1)C1C([Hg])=O,O=C(CC(c1c2cccc1)OC2=O)N(CC1)CCC1C([Hg])=O,CN(CC1)CC(C([Hg])=O)N1C(CC(c1c2cccc1)OC2=O)=O,O=C(CC(c1c2cccc1)OC2=O)N(CC([Hg])=O)c1ccc[o]1,O=C(CC(c1c2cccc1)OC2=O)Nc(cc1)ccc1C([Hg])=O,O=C(CC(c1c2cccc1)OC2=O)NC(Cc1ccccc1)C([Hg])=O,O=C(CC(c1c2cccc1)OC2=O)NCc1cccc(CC([Hg])=O)c1
O=C(CCC([Hg])=O)c(cc1)ccc1-c1ccccc1,CC(C([Hg])=O)NC(CCC(c(cc1)ccc1-c1ccccc1)=O)=O,CCN(CCC([Hg])=O)C(CCC(c(cc1)ccc1-c1ccccc1)=O)=O,O=C(CCC(NC1(COC1)C([Hg])=O)=O)c(cc1)ccc1-c1ccccc1,O=C(CCC(N(CCC1)C1C([Hg])=O)=O)c(cc1)ccc1-c1ccccc1,O=C(CCC(N(CC1)CCC1C([Hg])=O)=O)c(cc1)ccc1-c1ccccc1,CN(CC1)CC(C([Hg])=O)N1C(CCC(c(cc1)ccc1-c1ccccc1)=O)=O,O=C(CCC(N(CC([Hg])=O)c1ccc[o]1)=O)c(cc1)ccc1-c1ccccc1,O=C(CCC(Nc(cc1)ccc1C([Hg])=O)=O)c(cc1)ccc1-c1ccccc1,O=C(CCC(NC(Cc1ccccc1)C([Hg])=O)=O)c(cc1)ccc1-c1ccccc1,O=C(CCC(NCc1cccc(CC([Hg])=O)c1)=O)c(cc1)ccc1-c1ccccc1
O=C(C(CC1)c(cccc2)c2C1=O)[Hg],CC(C([Hg])=O)NC(C(CC1)c(cccc2)c2C1=O)=O,CCN(CCC([Hg])=O)C(C(CC1)c(cccc2)c2C1=O)=O,O=C(C(CC1)c(cccc2)c2C1=O)NC1(COC1)C([Hg])=O,O=C(C(CCC1)N1C(C(CC1)c(cccc2)c2C1=O)=O)[Hg],O=C(C(CC1)c(cccc2)c2C1=O)N(CC1)CCC1C([Hg])=O,CN(CC1)CC(C([Hg])=O)N1C(C(CC1)c(cccc2)c2C1=O)=O,O=C(CN(C(C(CC1)c(cccc2)c2C1=O)=O)c1ccc[o]1)[Hg],O=C(C(CC1)c(cccc2)c2C1=O)Nc(cc1)ccc1C([Hg])=O,O=C(C(Cc1ccccc1)NC(C(CC1)c(cccc2)c2C1=O)=O)[Hg],O=C(Cc1cc(CNC(C(CC2)c(cccc3)c3C2=O)=O)ccc1)[Hg]
O=C(c(cc1)cc(NC(CN2)=O)c1C2=O)[Hg],CC(C([Hg])=O)NC(c(cc1)cc(NC(CN2)=O)c1C2=O)=O,CCN(CCC([Hg])=O)C(c(cc1)cc(NC(CN2)=O)c1C2=O)=O,O=C(C1(COC1)NC(c(cc1)cc(NC(CN2)=O)c1C2=O)=O)[Hg],O=C(C(CCC1)N1C(c(cc1)cc(NC(CN2)=O)c1C2=O)=O)[Hg],O=C(C(CC1)CCN1C(c(cc1)cc(NC(CN2)=O)c1C2=O)=O)[Hg],CN(CC1)CC(C([Hg])=O)N1C(c(cc1)cc(NC(CN2)=O)c1C2=O)=O,O=C(CN(C(c(cc1)cc(NC(CN2)=O)c1C2=O)=O)c1ccc[o]1)[Hg],O=C(c(cc1)cc(NC(CN2)=O)c1C2=O)Nc(cc1)ccc1C([Hg])=O,O=C(C(Cc1ccccc1)NC(c(cc1)cc(NC(CN2)=O)c1C2=O)=O)[Hg],O=C(Cc1cc(CNC(c(cc2)cc(NC(CN3)=O)c2C3=O)=O)ccc1)[Hg]
O=C(c(cc1)cc(CCC2)c1C2=O)[Hg],CC(C([Hg])=O)NC(c(cc1)cc(CCC2)c1C2=O)=O,CCN(CCC([Hg])=O)C(c(cc1)cc(CCC2)c1C2=O)=O,O=C(C1(COC1)NC(c(cc1)cc(CCC2)c1C2=O)=O)[Hg],O=C(C(CCC1)N1C(c(cc1)cc(CCC2)c1C2=O)=O)[Hg],O=C(C(CC1)CCN1C(c(cc1)cc(CCC2)c1C2=O)=O)[Hg],CN(CC1)CC(C([Hg])=O)N1C(c(cc1)cc(CCC2)c1C2=O)=O,O=C(CN(C(c(cc1)cc(CCC2)c1C2=O)=O)c1ccc[o]1)[Hg],O=C(c(cc1)cc(CCC2)c1C2=O)Nc(cc1)ccc1C([Hg])=O,O=C(C(Cc1ccccc1)NC(c(cc1)cc(CCC2)c1C2=O)=O)[Hg],O=C(Cc1cc(CNC(c(cc2)cc(CCC3)c2C3=O)=O)ccc1)[Hg]
NS(c(cc1)cc(O2)c1N(CC([Hg])=O)C2=O)(=O)=O,CC(C([Hg])=O)NC(CN(c(ccc(S(N)(=O)=O)c1)c1O1)C1=O)=O,CCN(CCC([Hg])=O)C(CN(c(ccc(S(N)(=O)=O)c1)c1O1)C1=O)=O,NS(c(cc1)cc(O2)c1N(CC(NC1(COC1)C([Hg])=O)=O)C2=O)(=O)=O,NS(c(cc1)cc(O2)c1N(CC(N(CCC1)C1C([Hg])=O)=O)C2=O)(=O)=O,NS(c(cc1)cc(O2)c1N(CC(N(CC1)CCC1C([Hg])=O)=O)C2=O)(=O)=O,CN(CC1)CC(C([Hg])=O)N1C(CN(c(ccc(S(N)(=O)=O)c1)c1O1)C1=O)=O,NS(c(cc1)cc(O2)c1N(CC(N(CC([Hg])=O)c1ccc[o]1)=O)C2=O)(=O)=O,NS(c(cc1)cc(O2)c1N(CC(Nc(cc1)ccc1C([Hg])=O)=O)C2=O)(=O)=O,NS(c(cc1)cc(O2)c1N(CC(NC(Cc1ccccc1)C([Hg])=O)=O)C2=O)(=O)=O,NS(c(cc1)cc(O2)c1N(CC(NCc1cccc(CC([Hg])=O)c1)=O)C2=O)(=O)=O
O=C(C(C1)c(cccc2)c2C1=O)[Hg],CC(C([Hg])=O)NC(C(C1)c(cccc2)c2C1=O)=O,CCN(CCC([Hg])=O)C(C(C1)c(cccc2)c2C1=O)=O,O=C(C(C1)c(cccc2)c2C1=O)NC1(COC1)C([Hg])=O,O=C(C(C1)c(cccc2)c2C1=O)N(CCC1)C1C([Hg])=O,O=C(C(C1)c(cccc2)c2C1=O)N(CC1)CCC1C([Hg])=O,CN(CC1)CC(C([Hg])=O)N1C(C(C1)c(cccc2)c2C1=O)=O,O=C(CN(C(C(C1)c(cccc2)c2C1=O)=O)c1ccc[o]1)[Hg],O=C(C(C1)c(cccc2)c2C1=O)Nc(cc1)ccc1C([Hg])=O,O=C(C(Cc1ccccc1)NC(C(C1)c(cccc2)c2C1=O)=O)[Hg],O=C(Cc1cc(CNC(C(C2)c(cccc3)c3C2=O)=O)ccc1)[Hg]
O=C(c(cc1)cc(CC2)c1NC2=O)[Hg],CC(C([Hg])=O)NC(c(cc1)cc(CC2)c1NC2=O)=O,CCN(CCC([Hg])=O)C(c(cc1)cc(CC2)c1NC2=O)=O,O=C(C1(COC1)NC(c(cc1)cc(CC2)c1NC2=O)=O)[Hg],O=C(C(CCC1)N1C(c(cc1)cc(CC2)c1NC2=O)=O)[Hg],O=C(C(CC1)CCN1C(c(cc1)cc(CC2)c1NC2=O)=O)[Hg],CN(CC1)CC(C([Hg])=O)N1C(c(cc1)cc(CC2)c1NC2=O)=O,O=C(CN(C(c(cc1)cc(CC2)c1NC2=O)=O)c1ccc[o]1)[Hg],O=C(c(cc1)cc(CC2)c1NC2=O)Nc(cc1)ccc1C([Hg])=O,O=C(C(Cc1ccccc1)NC(c(cc1)cc(CC2)c1NC2=O)=O)[Hg],O=C(Cc1cc(CNC(c(cc2)cc(CC3)c2NC3=O)=O)ccc1)[Hg]
O=C(CN(C(C(CC1)(c2c1cccc2)N1)=O)C1=O)[Hg],CC(C([Hg])=O)NC(CN(C(C(CC1)(c2c1cccc2)N1)=O)C1=O)=O,CCN(CCC([Hg])=O)C(CN(C(C(CC1)(c2c1cccc2)N1)=O)C1=O)=O,O=C(CN(C(C(CC1)(c2c1cccc2)N1)=O)C1=O)NC1(COC1)C([Hg])=O,O=C(CN(C(C(CC1)(c2c1cccc2)N1)=O)C1=O)N(CCC1)C1C([Hg])=O,O=C(CN(C(C(CC1)(c2c1cccc2)N1)=O)C1=O)N(CC1)CCC1C([Hg])=O,CN(CC1)CC(C([Hg])=O)N1C(CN(C(C(CC1)(c2c1cccc2)N1)=O)C1=O)=O,O=C(CN(C(C(CC1)(c2c1cccc2)N1)=O)C1=O)N(CC([Hg])=O)c1ccc[o]1,O=C(CN(C(C(CC1)(c2c1cccc2)N1)=O)C1=O)Nc(cc1)ccc1C([Hg])=O,O=C(CN(C(C(CC1)(c2c1cccc2)N1)=O)C1=O)NC(Cc1ccccc1)C([Hg])=O,O=C(CN(C(C(CC1)(c2c1cccc2)N1)=O)C1=O)NCc1cccc(CC([Hg])=O)c1
O=C(C[C@@H]1Nc(cccc2)c2NC1=O)[Hg],CC(C([Hg])=O)NC(C[C@@H]1Nc(cccc2)c2NC1=O)=O,CCN(CCC([Hg])=O)C(C[C@@H]1Nc(cccc2)c2NC1=O)=O,O=C(C[C@@H]1Nc(cccc2)c2NC1=O)NC1(COC1)C([Hg])=O,O=C(C[C@@H]1Nc(cccc2)c2NC1=O)N(CCC1)C1C([Hg])=O,O=C(C[C@@H]1Nc(cccc2)c2NC1=O)N(CC1)CCC1C([Hg])=O,CN(CC1)CC(C([Hg])=O)N1C(C[C@@H]1Nc(cccc2)c2NC1=O)=O,O=C(C[C@@H]1Nc(cccc2)c2NC1=O)N(CC([Hg])=O)c1ccc[o]1,O=C(C[C@@H]1Nc(cccc2)c2NC1=O)Nc(cc1)ccc1C([Hg])=O,O=C(C[C@@H]1Nc(cccc2)c2NC1=O)NC(Cc1ccccc1)C([Hg])=O,O=C(C[C@@H]1Nc(cccc2)c2NC1=O)NCc1cccc(CC([Hg])=O)c1
O=C(C(c1c2cccc1)=NNC2=O)[Hg],CC(C([Hg])=O)NC(C(c1c2cccc1)=NNC2=O)=O,CCN(CCC([Hg])=O)C(C(c1c2cccc1)=NNC2=O)=O,O=C(C1(COC1)NC(C(c1c2cccc1)=NNC2=O)=O)[Hg],O=C(C(CCC1)N1C(C(c1c2cccc1)=NNC2=O)=O)[Hg],O=C(C(CC1)CCN1C(C(c1c2cccc1)=NNC2=O)=O)[Hg],CN(CC1)CC(C([Hg])=O)N1C(C(c1c2cccc1)=NNC2=O)=O,O=C(CN(C(C(c1c2cccc1)=NNC2=O)=O)c1ccc[o]1)[Hg],O=C(C(c1c2cccc1)=NNC2=O)Nc(cc1)ccc1C([Hg])=O,O=C(C(Cc1ccccc1)NC(C(c1c2cccc1)=NNC2=O)=O)[Hg],O=C(Cc1cc(CNC(C(c2c3cccc2)=NNC3=O)=O)ccc1)[Hg]
O=C(CC(c1c2cccc1)=NNC2=O)[Hg],CC(C([Hg])=O)NC(CC(c1c2cccc1)=NNC2=O)=O,CCN(CCC([Hg])=O)C(CC(c1c2cccc1)=NNC2=O)=O,O=C(CC(c1c2cccc1)=NNC2=O)NC1(COC1)C([Hg])=O,O=C(CC(c1c2cccc1)=NNC2=O)N(CCC1)C1C([Hg])=O,O=C(CC(c1c2cccc1)=NNC2=O)N(CC1)CCC1C([Hg])=O,CN(CC1)CC(C([Hg])=O)N1C(CC(c1c2cccc1)=NNC2=O)=O,O=C(CC(c1c2cccc1)=NNC2=O)N(CC([Hg])=O)c1ccc[o]1,O=C(CC(c1c2cccc1)=NNC2=O)Nc(cc1)ccc1C([Hg])=O,O=C(CC(c1c2cccc1)=NNC2=O)NC(Cc1ccccc1)C([Hg])=O,O=C(CC(c1c2cccc1)=NNC2=O)NCc1cccc(CC([Hg])=O)c1
O=C(c(cccc1)c1-c1ccccc1)[Hg],CC(C([Hg])=O)NC(c(cccc1)c1-c1ccccc1)=O,CCN(CCC([Hg])=O)C(c(cccc1)c1-c1ccccc1)=O,O=C(C1(COC1)NC(c(cccc1)c1-c1ccccc1)=O)[Hg],O=C(C(CCC1)N1C(c(cccc1)c1-c1ccccc1)=O)[Hg],O=C(C(CC1)CCN1C(c(cccc1)c1-c1ccccc1)=O)[Hg],CN(CC1)CC(C([Hg])=O)N1C(c(cccc1)c1-c1ccccc1)=O,O=C(CN(C(c(cccc1)c1-c1ccccc1)=O)c1ccc[o]1)[Hg],O=C(c(cccc1)c1-c1ccccc1)Nc(cc1)ccc1C([Hg])=O,O=C(C(Cc1ccccc1)NC(c(cccc1)c1-c1ccccc1)=O)[Hg],O=C(Cc1cc(CNC(c(cccc2)c2-c2ccccc2)=O)ccc1)[Hg]
N#Cc(cc1)ccc1C([Hg])=O,CC(C([Hg])=O)NC(c(cc1)ccc1C#N)=O,CCN(CCC([Hg])=O)C(c(cc1)ccc1C#N)=O,N#Cc(cc1)ccc1C(NC1(COC1)C([Hg])=O)=O,N#Cc(cc1)ccc1C(N(CCC1)C1C([Hg])=O)=O,N#Cc(cc1)ccc1C(N(CC1)CCC1C([Hg])=O)=O,CN(CC1)CC(C([Hg])=O)N1C(c(cc1)ccc1C#N)=O,N#Cc(cc1)ccc1C(N(CC([Hg])=O)c1ccc[o]1)=O,N#Cc(cc1)ccc1C(Nc(cc1)ccc1C([Hg])=O)=O,N#Cc(cc1)ccc1C(NC(Cc1ccccc1)C([Hg])=O)=O,N#Cc(cc1)ccc1C(NCc1cccc(CC([Hg])=O)c1)=O
O=C(CCN(C(c1c2cccc1)=O)C2=O)[Hg],CC(C([Hg])=O)NC(CCN(C(c1c2cccc1)=O)C2=O)=O,CCN(CCC([Hg])=O)C(CCN(C(c1c2cccc1)=O)C2=O)=O,O=C(CCN(C(c1c2cccc1)=O)C2=O)NC1(COC1)C([Hg])=O,O=C(CCN(C(c1c2cccc1)=O)C2=O)N(CCC1)C1C([Hg])=O,O=C(CCN(C(c1c2cccc1)=O)C2=O)N(CC1)CCC1C([Hg])=O,CN(CC1)CC(C([Hg])=O)N1C(CCN(C(c1c2cccc1)=O)C2=O)=O,O=C(CCN(C(c1c2cccc1)=O)C2=O)N(CC([Hg])=O)c1ccc[o]1,O=C(CCN(C(c1c2cccc1)=O)C2=O)Nc(cc1)ccc1C([Hg])=O,O=C(CCN(C(c1c2cccc1)=O)C2=O)NC(Cc1ccccc1)C([Hg])=O,O=C(CCN(C(c1c2cccc1)=O)C2=O)NCc1cccc(CC([Hg])=O)c1
O=C(c([o]1)ccc1Br)[Hg],CC(C([Hg])=O)NC(c([o]1)ccc1Br)=O,CCN(CCC([Hg])=O)C(c([o]1)ccc1Br)=O,O=C(C1(COC1)NC(c([o]1)ccc1Br)=O)[Hg],O=C(C(CCC1)N1C(c([o]1)ccc1Br)=O)[Hg],O=C(C(CC1)CCN1C(c([o]1)ccc1Br)=O)[Hg],CN(CC1)CC(C([Hg])=O)N1C(c([o]1)ccc1Br)=O,O=C(CN(C(c([o]1)ccc1Br)=O)c1ccc[o]1)[Hg],O=C(c([o]1)ccc1Br)Nc(cc1)ccc1C([Hg])=O,O=C(C(Cc1ccccc1)NC(c([o]1)ccc1Br)=O)[Hg],O=C(Cc1cc(CNC(c([o]2)ccc2Br)=O)ccc1)[Hg]
CC(C)Cc1ccc(C(C)C([Hg])=O)cc1,CC(C)Cc1ccc(C(C)C(NC(C)C([Hg])=O)=O)cc1,CCN(CCC([Hg])=O)C(C(C)c1ccc(CC(C)C)cc1)=O,CC(C)Cc1ccc(C(C)C(NC2(COC2)C([Hg])=O)=O)cc1,CC(C)Cc1ccc(C(C)C(N(CCC2)C2C([Hg])=O)=O)cc1,CC(C)Cc1ccc(C(C)C(N(CC2)CCC2C([Hg])=O)=O)cc1,CC(C)Cc1ccc(C(C)C(N(CCN(C)C2)C2C([Hg])=O)=O)cc1,CC(C)Cc1ccc(C(C)C(N(CC([Hg])=O)c2ccc[o]2)=O)cc1,CC(C)Cc1ccc(C(C)C(Nc(cc2)ccc2C([Hg])=O)=O)cc1,CC(C)Cc1ccc(C(C)C(NC(Cc2ccccc2)C([Hg])=O)=O)cc1,CC(C)Cc1ccc(C(C)C(NCc2cccc(CC([Hg])=O)c2)=O)cc1
O=C(c(cccc1)c1I)[Hg],CC(C([Hg])=O)NC(c(cccc1)c1I)=O,CCN(CCC([Hg])=O)C(c(cccc1)c1I)=O,O=C(C1(COC1)NC(c(cccc1)c1I)=O)[Hg],O=C(C(CCC1)N1C(c(cccc1)c1I)=O)[Hg],O=C(C(CC1)CCN1C(c(cccc1)c1I)=O)[Hg],CN(CC1)CC(C([Hg])=O)N1C(c(cccc1)c1I)=O,O=C(CN(C(c(cccc1)c1I)=O)c1ccc[o]1)[Hg],O=C(c(cccc1)c1I)Nc(cc1)ccc1C([Hg])=O,O=C(C(Cc1ccccc1)NC(c(cccc1)c1I)=O)[Hg],O=C(Cc1cc(CNC(c(cccc2)c2I)=O)ccc1)[Hg]
O=C(CCc1cc(Cl)cc(Cl)c1)[Hg],CC(C([Hg])=O)NC(CCc1cc(Cl)cc(Cl)c1)=O,CCN(CCC([Hg])=O)C(CCc1cc(Cl)cc(Cl)c1)=O,O=C(CCc1cc(Cl)cc(Cl)c1)NC1(COC1)C([Hg])=O,O=C(CCc1cc(Cl)cc(Cl)c1)N(CCC1)C1C([Hg])=O,O=C(CCc1cc(Cl)cc(Cl)c1)N(CC1)CCC1C([Hg])=O,CN(CC1)CC(C([Hg])=O)N1C(CCc1cc(Cl)cc(Cl)c1)=O,O=C(CCc1cc(Cl)cc(Cl)c1)N(CC([Hg])=O)c1ccc[o]1,O=C(CCc1cc(Cl)cc(Cl)c1)Nc(cc1)ccc1C([Hg])=O,O=C(CCc1cc(Cl)cc(Cl)c1)NC(Cc1ccccc1)C([Hg])=O,O=C(CCc1cc(Cl)cc(Cl)c1)NCc1cccc(CC([Hg])=O)c1
O=C(c(cc1)ccc1OCc1ccccc1)[Hg],CC(C([Hg])=O)NC(c(cc1)ccc1OCc1ccccc1)=O,CCN(CCC([Hg])=O)C(c(cc1)ccc1OCc1ccccc1)=O,O=C(C1(COC1)NC(c(cc1)ccc1OCc1ccccc1)=O)[Hg],O=C(C(CCC1)N1C(c(cc1)ccc1OCc1ccccc1)=O)[Hg],O=C(C(CC1)CCN1C(c(cc1)ccc1OCc1ccccc1)=O)[Hg],CN(CC1)CC(C([Hg])=O)N1C(c(cc1)ccc1OCc1ccccc1)=O,O=C(CN(C(c(cc1)ccc1OCc1ccccc1)=O)c1ccc[o]1)[Hg],O=C(c(cc1)ccc1OCc1ccccc1)Nc(cc1)ccc1C([Hg])=O,O=C(C(Cc1ccccc1)NC(c(cc1)ccc1OCc1ccccc1)=O)[Hg],O=C(Cc1cc(CNC(c(cc2)ccc2OCc2ccccc2)=O)ccc1)[Hg]
